target,features,model,n,accuracy,baseline,lift,balanced_acc,auc,prec_macro,rec_macro,f1_macro,verdict
is_correct [cold-student],HONEST,LogReg,16990,0.8393761035903473,0.7928193054738081,0.04655679811653923,0.7084701061280961,0.8655793598569211,0.7622947900711061,0.7084701061280961,0.7288597639671062,real skill
is_correct [cold-student],HONEST,RandForest,16990,0.8395526780459094,0.7928193054738081,0.046733372572101306,0.7167656872173854,0.8754213593338733,0.7604743861736349,0.7167656872173854,0.7342791270954632,real skill
is_correct [cold-student],HONEST,LightGBM,16990,0.8391406709829311,0.7928193054738081,0.046321365509123025,0.7194437765742052,0.8696735379968954,0.7589888125829674,0.7194437765742052,0.7356344944472516,real skill
is_correct [cold-student],HONEST,XGBoost,16990,0.8384932313125368,0.7928193054738081,0.04567392583872876,0.7193502395896605,0.8695770905041507,0.7576469954049259,0.7193502395896605,0.7351151261514115,real skill
is_correct [cold-student],HONEST,CatBoost,16990,0.8396703943496174,0.7928193054738081,0.046851088875809355,0.7215615931025174,0.8734606680670851,0.7596644663313499,0.7215615931025174,0.7372991563558846,real skill
is_correct [cold-student],HONEST,MLP,16990,0.824072984108299,0.7928193054738081,0.03125367863449091,0.6997633630289533,0.8274991985557131,0.7317385056131933,0.6997633630289533,0.7130189837392601,real skill
is_correct [cold-attempt],HONEST,LogReg,16990,0.8387286639199529,0.7928193054738081,0.045909358446144855,0.7051238653236148,0.8630743191941689,0.7617696452421878,0.7051238653236148,0.7262005327281309,real skill
is_correct [cold-attempt],HONEST,RandForest,16990,0.8417304296645085,0.7928193054738081,0.04891112419070043,0.7211819615981643,0.8745089466491193,0.7641759606906384,0.7211819615981643,0.7385588004740862,real skill
is_correct [cold-attempt],HONEST,LightGBM,16990,0.8399646851088876,0.7928193054738081,0.047145379635079476,0.7183895609772558,0.865892007491395,0.7609906357967008,0.7183895609772558,0.7355774086496639,real skill
is_correct [cold-attempt],HONEST,XGBoost,16990,0.8374926427310182,0.7928193054738081,0.04467333725721012,0.7156763557062833,0.8665682788351218,0.7562780017605358,0.7156763557062833,0.7321469647805222,real skill
is_correct [cold-attempt],HONEST,CatBoost,16990,0.8377869334902884,0.7928193054738081,0.044967628016480354,0.7180653978538165,0.8695772592292638,0.756424500867724,0.7180653978538165,0.733828299811385,real skill
is_correct [cold-attempt],HONEST,MLP,16990,0.8214832254267216,0.7928193054738081,0.028663919952913508,0.7126098822298711,0.8318667324694609,0.7273005996015913,0.7126098822298711,0.719359527842623,real skill
is_correct [cold-student],FULL,LogReg,16990,0.8393761035903473,0.7928193054738081,0.04655679811653923,0.7097292172842006,0.867468068772356,0.76192397650514,0.7097292172842006,0.7296818974548867,real skill
is_correct [cold-student],FULL,RandForest,16990,0.8410829899941142,0.7928193054738081,0.04826368452030616,0.7186751282310859,0.876004779138827,0.7633800580066867,0.7186751282310859,0.7365548018387651,real skill
is_correct [cold-student],FULL,LightGBM,16990,0.840906415538552,0.7928193054738081,0.048087110064743976,0.7208721401093339,0.8699473788553688,0.7624519063595441,0.7208721401093339,0.73777372176811,real skill
is_correct [cold-student],FULL,XGBoost,16990,0.839022954679223,0.7928193054738081,0.046203649205414976,0.7181104263683606,0.8688834932003779,0.7590228346452945,0.7181104263683606,0.7347338533844103,real skill
is_correct [cold-student],FULL,CatBoost,16990,0.8423778693349029,0.7928193054738081,0.049558563861094806,0.7243183505432949,0.8737922445501788,0.7648163839613482,0.7243183505432949,0.7409233295514703,real skill
is_correct [cold-student],FULL,MLP,16990,0.820423778693349,0.7928193054738081,0.02760447321954096,0.6955732857528515,0.8181658314773571,0.7252781610091209,0.6955732857528515,0.7079720757105941,real skill
is_correct [cold-attempt],FULL,LogReg,16990,0.8397292525014715,0.7928193054738081,0.04690994702766338,0.7079583417695889,0.8666363383275967,0.7632947462040808,0.7079583417695889,0.7287670693021816,real skill
is_correct [cold-attempt],FULL,RandForest,16990,0.842613301942319,0.7928193054738081,0.049793996468510904,0.7233126434163462,0.874924980596612,0.7655787260410064,0.7233126434163462,0.7404923560296319,real skill
is_correct [cold-attempt],FULL,LightGBM,16990,0.8381400824014126,0.7928193054738081,0.0453207769276045,0.7168191519875818,0.8668625987041911,0.757416136778065,0.7168191519875818,0.7333114468634709,real skill
is_correct [cold-attempt],FULL,XGBoost,16990,0.8375515008828722,0.7928193054738081,0.044732195409064146,0.7160282530201796,0.8658208371296484,0.7563314263977938,0.7160282530201796,0.7324067437581889,real skill
is_correct [cold-attempt],FULL,CatBoost,16990,0.8393172454384933,0.7928193054738081,0.04649793996468521,0.7223881352500506,0.8714152451575892,0.7587646322609144,0.7223881352500506,0.737541144736105,real skill
is_correct [cold-attempt],FULL,MLP,16990,0.8233666862860506,0.7928193054738081,0.03054738081224251,0.7094957439090235,0.8222778417527166,0.7302824740142346,0.7094957439090235,0.7187209165620883,real skill
passed>=40% [cold-student],HONEST,LogReg,2142,0.8188608776844071,0.8211951447245565,-0.002334267040149385,0.5343218093594004,0.7550441815831153,0.6491533623609096,0.5343218093594004,0.5257135161170297,imbalance only
passed>=40% [cold-student],HONEST,RandForest,2142,0.9145658263305322,0.8211951447245565,0.09337068160597572,0.7907122935088029,0.9551267112663407,0.9029279612896854,0.7907122935088029,0.8321376280799242,REAL >=90%
passed>=40% [cold-student],HONEST,LightGBM,2142,0.9061624649859944,0.8211951447245565,0.08496732026143794,0.8101052847199854,0.9469078829206602,0.8546785234078964,0.8101052847199854,0.8297539007465186,REAL >=90%
passed>=40% [cold-student],HONEST,XGBoost,2142,0.9070961718020542,0.8211951447245565,0.0859010270774977,0.8137374813900018,0.9490364362614053,0.8552383897598623,0.8137374813900018,0.8322085117991123,REAL >=90%
passed>=40% [cold-student],HONEST,CatBoost,2142,0.9033613445378151,0.8211951447245565,0.08216619981325868,0.8022723865476616,0.9467921038686531,0.8510840781198279,0.8022723865476616,0.8234673722758803,REAL >=90%
passed>=40% [cold-student],HONEST,MLP,2142,0.9052287581699346,0.8211951447245565,0.08403361344537819,0.8044306268248189,0.9362903501128845,0.8554390172889487,0.8044306268248189,0.8264801479699032,REAL >=90%
passed>=40% [cold-student],FULL,LogReg,2142,0.9206349206349206,0.8211951447245565,0.09943977591036413,0.8046198810444458,0.9574511983874057,0.9125843125823021,0.8046198810444458,0.8454498227600538,REAL >=90%
passed>=40% [cold-student],FULL,RandForest,2142,0.9183006535947712,0.8211951447245565,0.09710550887021474,0.8042198495762932,0.9601497409072626,0.9029411764705882,0.8042198495762932,0.8423008883064542,REAL >=90%
passed>=40% [cold-student],FULL,LightGBM,2142,0.9131652661064426,0.8211951447245565,0.0919701213818861,0.8164115321873187,0.9540193885381706,0.8723564440143448,0.8164115321873187,0.840459577903356,REAL >=90%
passed>=40% [cold-student],FULL,XGBoost,2142,0.9164332399626517,0.8211951447245565,0.09523809523809523,0.825549913388363,0.9562384870349727,0.876169731064764,0.825549913388363,0.8476954592417782,REAL >=90%
passed>=40% [cold-student],FULL,CatBoost,2142,0.9117647058823529,0.8211951447245565,0.09056956115779646,0.8135163137137318,0.9554206119368203,0.8699295922656578,0.8135163137137318,0.8376983228129116,REAL >=90%
passed>=40% [cold-student],FULL,MLP,2142,0.9080298786181139,0.8211951447245565,0.08683473389355745,0.8173696780600181,0.941826963753735,0.8558060973174466,0.8173696780600181,0.8346389950760923,REAL >=90%
passed>=50% [cold-student],HONEST,LogReg,2142,0.792250233426704,0.7824463118580766,0.009803921568627416,0.5759817980681573,0.7688408432093581,0.6882130182018859,0.5759817980681573,0.5831910358021317,imbalance only
passed>=50% [cold-student],HONEST,RandForest,2142,0.8912231559290383,0.7824463118580766,0.10877684407096178,0.8212661456359409,0.9516962520614174,0.8488186841830883,0.8212661456359409,0.8338087891676653,real skill
passed>=50% [cold-student],HONEST,LightGBM,2142,0.8916900093370682,0.7824463118580766,0.10924369747899165,0.8262122670982412,0.9419653374578753,0.8473006793967219,0.8262122670982412,0.8360277959256399,real skill
passed>=50% [cold-student],HONEST,XGBoost,2142,0.8930905695611578,0.7824463118580766,0.11064425770308128,0.8309804152539768,0.9480516404273408,0.8481283962588126,0.8309804152539768,0.8390732798286661,real skill
passed>=50% [cold-student],HONEST,CatBoost,2142,0.8907563025210085,0.7824463118580766,0.1083099906629319,0.8217424482981143,0.9485810790047834,0.8474448315911731,0.8217424482981143,0.8335138050931566,real skill
passed>=50% [cold-student],HONEST,MLP,2142,0.8823529411764706,0.7824463118580766,0.099906629318394,0.8241188400749793,0.9354609892755079,0.8282136522523831,0.8241188400749793,0.8261363636363637,real skill
passed>=50% [cold-student],FULL,LogReg,2142,0.9024276377217554,0.7824463118580766,0.11998132586367882,0.8377216343839307,0.9526424554682618,0.8666854342612866,0.8377216343839307,0.8509271971503951,REAL >=90%
passed>=50% [cold-student],FULL,RandForest,2142,0.8986928104575164,0.7824463118580766,0.11624649859943981,0.833011103485716,0.9542538181035984,0.8602627376072982,0.833011103485716,0.8454799766631262,real skill
passed>=50% [cold-student],FULL,LightGBM,2142,0.8930905695611578,0.7824463118580766,0.11064425770308128,0.8325296792895408,0.9449742386839706,0.8473850915642636,0.8325296792895408,0.839594897964189,real skill
passed>=50% [cold-student],FULL,XGBoost,2142,0.8954248366013072,0.7824463118580766,0.11297852474323067,0.8332466940498018,0.9505272619254919,0.8523269980506822,0.8332466940498018,0.8422010190000224,real skill
passed>=50% [cold-student],FULL,CatBoost,2142,0.8949579831932774,0.7824463118580766,0.11251167133520079,0.8337229967119753,0.9515784567793745,0.8510130699149546,0.8337229967119753,0.8418842269058946,real skill
passed>=50% [cold-student],FULL,MLP,2142,0.8940242763772176,0.7824463118580766,0.11157796451914104,0.830802441947412,0.9427642967621663,0.850349383882914,0.830802441947412,0.8399566313457021,real skill
careless attempt [cold-student],HONEST,LogReg,2142,0.7357609710550888,0.6498599439775911,0.0859010270774977,0.6629454022988506,0.726485632183908,0.724896088924613,0.6629454022988506,0.6717328487011974,real skill
careless attempt [cold-student],HONEST,RandForest,2142,0.746031746031746,0.6498599439775911,0.09617180205415499,0.6597787356321839,0.7416532567049808,0.7647425723717622,0.6597787356321839,0.6676952138902925,real skill
careless attempt [cold-student],HONEST,LightGBM,2142,0.7124183006535948,0.6498599439775911,0.06255835667600373,0.6535948275862069,0.7098797892720305,0.6827009844134536,0.6535948275862069,0.660154475238528,real skill
careless attempt [cold-student],HONEST,XGBoost,2142,0.7161531279178338,0.6498599439775911,0.06629318394024275,0.6524712643678161,0.7156369731800767,0.6892224737052324,0.6524712643678161,0.6594566099624296,real skill
careless attempt [cold-student],HONEST,CatBoost,2142,0.7315592903828197,0.6498599439775911,0.08169934640522869,0.6572528735632184,0.7269779693486589,0.7195937224541442,0.6572528735632184,0.6653084073038937,real skill
careless attempt [cold-student],HONEST,MLP,2142,0.723155929038282,0.6498599439775911,0.0732959850606909,0.6483275862068966,0.7274348659003831,0.7064331905601747,0.6483275862068966,0.6551879151834686,real skill
careless attempt [cold-student],FULL,LogReg,2142,0.7553688141923436,0.6498599439775911,0.10550887021475253,0.6540488505747126,0.7339942528735632,0.8423949143304834,0.6540488505747126,0.6577427526995562,real skill
careless attempt [cold-student],FULL,RandForest,2142,0.7525676937441643,0.6498599439775911,0.10270774976657326,0.6648074712643678,0.7419454022988505,0.7821786562405699,0.6648074712643678,0.6735176783479349,real skill
careless attempt [cold-student],FULL,LightGBM,2142,0.7100840336134454,0.6498599439775911,0.06022408963585435,0.6545660919540229,0.7173682950191571,0.6790926999805776,0.6545660919540229,0.6607262780005994,real skill
careless attempt [cold-student],FULL,XGBoost,2142,0.7212885154061625,0.6498599439775911,0.0714285714285714,0.657037356321839,0.7271197318007663,0.6967109849407456,0.657037356321839,0.6645401380848861,real skill
careless attempt [cold-student],FULL,CatBoost,2142,0.7334267040149393,0.6498599439775911,0.0835667600373482,0.6614568965517241,0.7350622605363984,0.720307482385047,0.6614568965517241,0.6700119224820131,real skill
careless attempt [cold-student],FULL,MLP,2142,0.726890756302521,0.6498599439775911,0.07703081232492992,0.6548908045977011,0.7333668582375479,0.7099955197423528,0.6548908045977011,0.6626035053349019,real skill
