strategy,k,n_scored,accuracy,baseline,lift,balanced_acc,f1_macro,min_recall,qwk,auc
first,3,11167,0.6279215545804603,0.48070206859496734,0.14721948598549295,0.6164646688047902,0.5730676429982032,0.5198285101822079,0.4985889086470331,0.7959051929189397
first,5,7315,0.6560492139439508,0.46903622693096375,0.18701298701298702,0.6338604846116401,0.6011291607042278,0.5647212259537007,0.5327679031947339,0.8197704099433731
first,7,4885,0.6638689866939611,0.45690890481064483,0.20696008188331627,0.6498188582236325,0.6199381864465012,0.6062650602409638,0.5528249825582998,0.8275795376779698
random,3,11167,0.6387570520282977,0.49108981821438163,0.14766723381391605,0.6352246711627446,0.5810058890601254,0.5491042521044679,0.5064914158822438,0.8107016705401654
random,5,7315,0.6441558441558441,0.46739576213260425,0.1767600820232399,0.633357266912504,0.5902595900167344,0.5393725992317542,0.5202173588008822,0.8198128294100672
random,7,4885,0.6655066530194473,0.46653019447287614,0.1989764585465712,0.6504881270048378,0.6128551674858871,0.5945297504798465,0.5420263475552594,0.8341190069525969
best,3,11167,0.6473538103340198,0.501477567833796,0.1458762425002238,0.6357648698967604,0.5863835787841662,0.5594343791427309,0.5183705276855751,0.8139391038651068
best,5,7315,0.6605604921394395,0.4839371155160629,0.17662337662337657,0.6483734440100025,0.6050094353720356,0.560530679933665,0.5356494681781896,0.8305694872147292
best,7,4885,0.680245649948823,0.49027635619242577,0.1899692937563972,0.6580766403497583,0.6246379433501149,0.6061776061776062,0.5500257310716676,0.845944129654562
