quiz,k,n_scored,acc,acc_sd,baseline,lift,bal_acc,f1,qwk,auc
"DBMS (15 q/attempt, 49 attempts)",0,714,0.3487394957983193,0.0,0.4733893557422969,-0.12464985994397759,0.309569475617221,0.30889090551074094,-0.09993191705420101,0.4637198028716207
"DBMS (15 q/attempt, 49 attempts)",1,665,0.5466165413533834,0.031055453275283283,0.47406015037593985,0.0725563909774436,0.48978632164525693,0.4934833002917295,0.3445852362236662,0.6780781462359087
"DBMS (15 q/attempt, 49 attempts)",2,616,0.6101866883116882,0.02210174510866824,0.4768668831168831,0.13331980519480513,0.5566206035506513,0.5608678855721654,0.4296047879832844,0.7418200091111808
"DBMS (15 q/attempt, 49 attempts)",3,567,0.6474867724867726,0.03668300495429821,0.47685185185185186,0.1706349206349207,0.5885835200196583,0.5974617699182856,0.5071614004072409,0.7750334225194738
"DBMS (15 q/attempt, 49 attempts)",4,518,0.6614382239382239,0.031127472931728937,0.4734555984555984,0.1879826254826255,0.6124505625564187,0.6216432097575036,0.5229556142712055,0.79312173763332
"DBMS (15 q/attempt, 49 attempts)",5,469,0.6596481876332623,0.007533738819351046,0.47601279317697226,0.18363539445629,0.6027308242701567,0.6131690670121238,0.5183087647318747,0.7947256028682191
"DBMS (15 q/attempt, 49 attempts)",6,420,0.6598214285714286,0.012623398845505058,0.47172619047619047,0.1880952380952381,0.6045637028415946,0.6132355144903525,0.525118786126428,0.8036806989624632
"DBMS (15 q/attempt, 49 attempts)",7,371,0.6735175202156334,0.016253028430178364,0.47338274932614555,0.20013477088948783,0.6307275642093554,0.6382092081070767,0.5685563019323788,0.8094444443290127
"DBMS (15 q/attempt, 49 attempts)",8,322,0.6614906832298136,0.024649856935384382,0.48020186335403725,0.18128881987577639,0.6104909390384657,0.6191795408591529,0.550104475630137,0.7980869363117817
"DBMS (15 q/attempt, 49 attempts)",9,274,0.6478102189781022,0.019138847594345816,0.4698905109489051,0.1779197080291971,0.5936799356370513,0.5998667297594622,0.5459563345672517,0.7749000010020055
"DBMS (15 q/attempt, 49 attempts)",10,226,0.6592920353982301,0.031052364707119928,0.478429203539823,0.18086283185840712,0.5989649370240577,0.6059957000599463,0.5197735019530465,0.779970006811735
"DBMS (15 q/attempt, 49 attempts)",11,179,0.630586592178771,0.05354374110812172,0.4804469273743017,0.15013966480446927,0.5847171035484298,0.5876427931688184,0.5197805169916517,0.7735186611312311
"DBMS (15 q/attempt, 49 attempts)",12,132,0.6136363636363636,0.04417387799125228,0.47064393939393945,0.1429924242424242,0.5658112528647797,0.5679149692912943,0.4848300275713432,0.7474133566617076
"DMS-2 (13 q/attempt, 146 attempts)",0,1838,0.38737758433079433,0.0,0.484766050054407,-0.09738846572361265,0.3203359505183717,0.31844373814112825,-0.04073838017746967,0.49330384509237063
"DMS-2 (13 q/attempt, 146 attempts)",1,1695,0.6622418879056047,0.01698151972227051,0.48650442477876105,0.17573746312684363,0.6021965130482703,0.6045536781416889,0.5078110981100391,0.7692005556201309
"DMS-2 (13 q/attempt, 146 attempts)",2,1552,0.6979703608247423,0.014258301443237654,0.48477770618556704,0.21319265463917525,0.6360488459662328,0.642966399557513,0.5810075632863088,0.8086566787687031
"DMS-2 (13 q/attempt, 146 attempts)",3,1409,0.7195706174591909,0.012202480111987154,0.4850070972320795,0.2345635202271114,0.657525282999751,0.66745023274313,0.6115031122694048,0.8301815954663181
"DMS-2 (13 q/attempt, 146 attempts)",4,1266,0.7140600315955766,0.010177013212263143,0.48716429699842023,0.2268957345971564,0.6437244741552646,0.6527840523615696,0.5983375440968887,0.8289404424460052
"DMS-2 (13 q/attempt, 146 attempts)",5,1123,0.7247328584149599,0.01466197624850732,0.4860863757791629,0.23864648263579702,0.6606628493769218,0.6703463773748886,0.6125686048446145,0.8436996960776104
"DMS-2 (13 q/attempt, 146 attempts)",6,980,0.7253826530612244,0.008390297978415137,0.4872448979591837,0.23813775510204072,0.6625180075965138,0.672131464970279,0.6261191599508785,0.8489576833206325
"DMS-2 (13 q/attempt, 146 attempts)",7,837,0.7304360812425328,0.017354003825204658,0.4887992831541219,0.24163679808841088,0.6666104663106129,0.6757030475962451,0.6329229582208409,0.8516383138138612
"DMS-2 (13 q/attempt, 146 attempts)",8,696,0.7340158045977012,0.01847588164213249,0.48760775862068967,0.24640804597701155,0.6710543004110354,0.6806520420267084,0.6239907207176778,0.8557351967231162
"DMS-2 (13 q/attempt, 146 attempts)",9,555,0.7355855855855856,0.010573598733608558,0.49414414414414415,0.24144144144144147,0.6670225034142736,0.6783626864298196,0.635584585688113,0.8516770917778325
"DMS-2 (13 q/attempt, 146 attempts)",10,416,0.7244591346153846,0.021464929506834124,0.48587740384615385,0.23858173076923073,0.6570286722862346,0.6668342591222012,0.6146422278612271,0.8398452788329169
"ELC-1 (11 q/attempt, 276 attempts)",0,3024,0.4642857142857143,0.0,0.45337301587301587,0.01091269841269843,0.39675186616385,0.3950894216905582,0.1461821465056048,0.5667315258393498
"ELC-1 (11 q/attempt, 276 attempts)",1,2749,0.5850309203346672,0.015221609710663013,0.45348308475809385,0.13154783557657335,0.4883565849931233,0.4895041734351048,0.34861325855808456,0.6876586093820275
"ELC-1 (11 q/attempt, 276 attempts)",2,2474,0.61732012934519,0.0067719203426703746,0.45715440582053357,0.1601657235246564,0.5206686155595276,0.5226148835853824,0.4044193179785751,0.7275722285991066
"ELC-1 (11 q/attempt, 276 attempts)",3,2199,0.6361982719417918,0.008847238043812546,0.4567985447930878,0.179399727148704,0.5388416951776691,0.5423900006283116,0.445055017595825,0.7614876421734569
"ELC-1 (11 q/attempt, 276 attempts)",4,1924,0.6456600831600832,0.0044006481865582195,0.45712058212058215,0.188539501039501,0.549497275144702,0.5543774975766429,0.4579342751125419,0.7762880442308797
"ELC-1 (11 q/attempt, 276 attempts)",5,1649,0.6455427531837477,0.010924125854852536,0.4584596725288054,0.18708308065494228,0.5482657233475836,0.5537239118296626,0.44473276831180436,0.7805418530921429
"ELC-1 (11 q/attempt, 276 attempts)",6,1374,0.6542940320232897,0.013171005146181834,0.4580604075691412,0.19623362445414855,0.5488813205048111,0.5552890089029558,0.4717807716832723,0.7930465758772913
"ELC-1 (11 q/attempt, 276 attempts)",7,1099,0.6502502274795268,0.012843531152635155,0.4605323020928116,0.18971792538671517,0.5534298231488368,0.5621637753611206,0.44481553903417537,0.7930074341235802
"ELC-1 (11 q/attempt, 276 attempts)",8,824,0.6526092233009708,0.023514817523857572,0.46510922330097093,0.1874999999999999,0.5432081620841218,0.5510843801269381,0.45064004904487986,0.7930723949430458
