population,bucketing,scenario,weights,n,dist,model,rule,accuracy,baseline,lift,balanced_acc,f1_macro,prec_macro,rec_macro,qwk,min_class_recall,auc_ovr
ALL(cleaned),A  1-2 / 3 / 4-5,COLD,none,16990,9%/15%/76%,LogReg,argmax,0.75562095350206,0.7565038257798705,-0.0008828722778104758,0.3352213189488766,0.2923338669293373,0.44045085962279273,0.3352213189488766,0.006093079556601322,0.003955174686882004,0.648088965345687
ALL(cleaned),A  1-2 / 3 / 4-5,COLD,none,16990,9%/15%/76%,LogReg,prior-corr,0.5597998822836963,0.7565038257798705,-0.19670394349617426,0.43803928820135524,0.38839587021471295,0.3939399662295619,0.43803928820135524,0.19645487178209076,0.19389312977099238,0.648088965345687
ALL(cleaned),A  1-2 / 3 / 4-5,COLD,none,16990,9%/15%/76%,RandForest,argmax,0.7522660388463802,0.7565038257798705,-0.004237786933490306,0.34035390661075365,0.3063545312742598,0.42240964455021673,0.34035390661075365,0.02837359544746665,0.01450381679389313,0.6512025291163793
ALL(cleaned),A  1-2 / 3 / 4-5,COLD,none,16990,9%/15%/76%,RandForest,prior-corr,0.49064155385520897,0.7565038257798705,-0.26586227192466155,0.4460626630260993,0.37659378993821485,0.3997634994802959,0.4460626630260993,0.17917251750100782,0.31412213740458017,0.6512025291163793
ALL(cleaned),A  1-2 / 3 / 4-5,COLD,none,16990,9%/15%/76%,ExtraTrees,argmax,0.7545026486168335,0.7565038257798705,-0.002001177163037049,0.34115903671656,0.3060949357867779,0.43379756022478827,0.34115903671656,0.03699572561971487,0.007251908396946565,0.6589577902037457
ALL(cleaned),A  1-2 / 3 / 4-5,COLD,none,16990,9%/15%/76%,ExtraTrees,prior-corr,0.5054149499705709,0.7565038257798705,-0.2510888758092996,0.4484186986583933,0.3835068795850156,0.4032471596142788,0.4484186986583933,0.18714145298960594,0.3152671755725191,0.6589577902037457
ALL(cleaned),A  1-2 / 3 / 4-5,COLD,none,16990,9%/15%/76%,LightGBM,argmax,0.7337257210123602,0.7565038257798705,-0.0227781047675103,0.3476786527022005,0.33086835917065843,0.38592102845809156,0.3476786527022005,0.059558985054358304,0.04021094264996704,0.6205451412471962
ALL(cleaned),A  1-2 / 3 / 4-5,COLD,none,16990,9%/15%/76%,LightGBM,prior-corr,0.5216597998822837,0.7565038257798705,-0.2348440258975868,0.42331413606034946,0.37961500916789753,0.3898246176817331,0.42331413606034946,0.16376589176422762,0.29885496183206106,0.6205451412471962
ALL(cleaned),A  1-2 / 3 / 4-5,COLD,balanced,16990,9%/15%/76%,LogReg,argmax,0.5589758681577398,0.7565038257798705,-0.1975279576221307,0.4363681966151025,0.3867195917085507,0.3928405027138015,0.4363681966151025,0.19414815076527558,0.1896946564885496,0.635690097756735
ALL(cleaned),A  1-2 / 3 / 4-5,COLD,balanced,16990,9%/15%/76%,LogReg,prior-corr,0.5060035314891113,0.7565038257798705,-0.25050029429075926,0.44216679287240135,0.3709712573550064,0.3920101370337275,0.44216679287240135,0.1812854231412343,0.21259541984732824,0.635690097756735
ALL(cleaned),A  1-2 / 3 / 4-5,COLD,balanced,16990,9%/15%/76%,RandForest,argmax,0.7060035314891112,0.7565038257798705,-0.05050029429075931,0.38676481173660254,0.3905328705201299,0.4128570606689748,0.38676481173660254,0.16060996691474194,0.1267175572519084,0.6432047783276916
ALL(cleaned),A  1-2 / 3 / 4-5,COLD,balanced,16990,9%/15%/76%,RandForest,prior-corr,0.4493231312536786,0.7565038257798705,-0.3071806945261919,0.437876425730435,0.35698844109658356,0.39572937382945694,0.437876425730435,0.15559196371928152,0.33435114503816793,0.6432047783276916
ALL(cleaned),A  1-2 / 3 / 4-5,COLD,balanced,16990,9%/15%/76%,ExtraTrees,argmax,0.5990582695703355,0.7565038257798705,-0.15744555620953504,0.43940845153720715,0.413155870295378,0.4092461239663698,0.43940845153720715,0.21189269415091694,0.2748091603053435,0.6376646622688741
ALL(cleaned),A  1-2 / 3 / 4-5,COLD,balanced,16990,9%/15%/76%,ExtraTrees,prior-corr,0.4406121247792819,0.7565038257798705,-0.3158917010005886,0.4443528707804208,0.3562568132205726,0.399886145092104,0.4443528707804208,0.15680637292318111,0.3549618320610687,0.6376646622688741
ALL(cleaned),A  1-2 / 3 / 4-5,COLD,balanced,16990,9%/15%/76%,LightGBM,argmax,0.6223660977045321,0.7565038257798705,-0.1341377280753384,0.3996888914844356,0.3942703672705352,0.39140283408764565,0.3996888914844356,0.16292481358830868,0.22346736980883322,0.6038909062134423
ALL(cleaned),A  1-2 / 3 / 4-5,COLD,balanced,16990,9%/15%/76%,LightGBM,prior-corr,0.4434961742201295,0.7565038257798705,-0.31300765155974103,0.4181575952807406,0.3487067835657814,0.3833900804695159,0.4181575952807406,0.13011092115696365,0.3427480916030534,0.6038909062134423
ALL(cleaned),A  1-2 / 3 / 4-5,IMPUTE,none,16990,9%/15%/76%,LogReg,argmax,0.7968216597998823,0.7565038257798705,0.04031783402001177,0.5450741140131125,0.5707175637733718,0.6414857009243753,0.5450741140131125,0.4994595536700589,0.23435114503816795,0.8704839799410126
ALL(cleaned),A  1-2 / 3 / 4-5,IMPUTE,none,16990,9%/15%/76%,LogReg,prior-corr,0.7023543260741613,0.7565038257798705,-0.05414949970570926,0.6516220185253615,0.5740386183148148,0.548271191733911,0.6516220185253615,0.49484415048774644,0.5049618320610687,0.8704839799410126
ALL(cleaned),A  1-2 / 3 / 4-5,IMPUTE,none,16990,9%/15%/76%,RandForest,argmax,0.8272513243084167,0.7565038257798705,0.07074749852854623,0.5848666769107389,0.6343659916771579,0.752207656132826,0.5848666769107389,0.5339416977221771,0.3293893129770992,0.913227910371094
ALL(cleaned),A  1-2 / 3 / 4-5,IMPUTE,none,16990,9%/15%/76%,RandForest,prior-corr,0.679576221306651,0.7565038257798705,-0.07692760447321956,0.7237610100301177,0.5844605361006984,0.5666728492823853,0.7237610100301177,0.46580919798265585,0.6232824427480916,0.913227910371094
ALL(cleaned),A  1-2 / 3 / 4-5,IMPUTE,none,16990,9%/15%/76%,ExtraTrees,argmax,0.8220129487934079,0.7565038257798705,0.0655091230135374,0.5707419976262189,0.6170572574408477,0.7339573562061997,0.5707419976262189,0.5221512511143582,0.3045801526717557,0.911121436020764
ALL(cleaned),A  1-2 / 3 / 4-5,IMPUTE,none,16990,9%/15%/76%,ExtraTrees,prior-corr,0.6749852854620365,0.7565038257798705,-0.08151854031783401,0.722887496845793,0.5821140216801372,0.5649002980149438,0.722887496845793,0.4668883063348077,0.6305343511450382,0.911121436020764
ALL(cleaned),A  1-2 / 3 / 4-5,IMPUTE,none,16990,9%/15%/76%,LightGBM,argmax,0.8239552678045909,0.7565038257798705,0.06745144202472042,0.6142965167865418,0.6460088855287972,0.7004982806222647,0.6142965167865418,0.5627976474103588,0.4026717557251908,0.912240732352338
ALL(cleaned),A  1-2 / 3 / 4-5,IMPUTE,none,16990,9%/15%/76%,LightGBM,prior-corr,0.7468510888758093,0.7565038257798705,-0.00965273690406121,0.7155818659519756,0.6307533811077545,0.5979586270833487,0.7155818659519756,0.5491395491932616,0.6458015267175573,0.912240732352338
ALL(cleaned),A  1-2 / 3 / 4-5,IMPUTE,balanced,16990,9%/15%/76%,LogReg,argmax,0.7077692760447322,0.7565038257798705,-0.048734549735138355,0.6588880604974937,0.578940267640219,0.5526723442179747,0.6588880604974937,0.5007155627568494,0.5080152671755725,0.866549671022039
ALL(cleaned),A  1-2 / 3 / 4-5,IMPUTE,balanced,16990,9%/15%/76%,LogReg,prior-corr,0.6158917010005885,0.7565038257798705,-0.14061212477928198,0.6851601114999303,0.5407040234158695,0.5382729620366474,0.6851601114999303,0.43837253652606756,0.5871780907181203,0.866549671022039
ALL(cleaned),A  1-2 / 3 / 4-5,IMPUTE,balanced,16990,9%/15%/76%,RandForest,argmax,0.809417304296645,0.7565038257798705,0.052913478516774526,0.6674022397887902,0.6582843748517727,0.6555978888468736,0.6674022397887902,0.593363556834702,0.4713740458015267,0.9107769079381193
ALL(cleaned),A  1-2 / 3 / 4-5,IMPUTE,balanced,16990,9%/15%/76%,RandForest,prior-corr,0.6522071806945262,0.7565038257798705,-0.10429664508534431,0.7216116086750253,0.5663908964954845,0.5575494360084761,0.7216116086750253,0.43767961562510815,0.6255725190839695,0.9107769079381193
ALL(cleaned),A  1-2 / 3 / 4-5,IMPUTE,balanced,16990,9%/15%/76%,ExtraTrees,argmax,0.7688640376692172,0.7565038257798705,0.012360211889346662,0.7095597676545166,0.6420331767181298,0.6102983005701025,0.7095597676545166,0.5713607324836856,0.5595419847328245,0.9048641533169096
ALL(cleaned),A  1-2 / 3 / 4-5,IMPUTE,balanced,16990,9%/15%/76%,ExtraTrees,prior-corr,0.6283696291936434,0.7565038257798705,-0.12813419658622716,0.7108441328735818,0.5484270120052265,0.5475227333148709,0.7108441328735818,0.4213886463477281,0.5961254181903057,0.9048641533169096
ALL(cleaned),A  1-2 / 3 / 4-5,IMPUTE,balanced,16990,9%/15%/76%,LightGBM,argmax,0.7876986462625074,0.7565038257798705,0.031194820482636887,0.6820542558292894,0.6482514232673499,0.6249475958553523,0.6820542558292894,0.5810885648869565,0.5721374045801527,0.9097959819817141
ALL(cleaned),A  1-2 / 3 / 4-5,IMPUTE,balanced,16990,9%/15%/76%,LightGBM,prior-corr,0.7050029429075927,0.7565038257798705,-0.05150088287227783,0.7192123310617561,0.6033700541040107,0.5783521394908235,0.7192123310617561,0.5040844734874705,0.6858778625954198,0.9097959819817141
ALL(cleaned),B  1-3 / 4 / 5,COLD,none,16990,24%/26%/50%,LogReg,argmax,0.5144202472042377,0.5012948793407886,0.013125367863449089,0.3889675965287252,0.3342233532934416,0.39835872862751137,0.3889675965287252,0.15562057624343462,0.00253690036900369,0.5968206995442773
ALL(cleaned),B  1-3 / 4 / 5,COLD,none,16990,24%/26%/50%,LogReg,prior-corr,0.4657445556209535,0.5012948793407886,-0.03555032371983513,0.4246504624042031,0.4158082665731522,0.4154974383029055,0.4246504624042031,0.2176897048085732,0.20341328413284132,0.5968206995442773
ALL(cleaned),B  1-3 / 4 / 5,COLD,none,16990,24%/26%/50%,RandForest,argmax,0.5061801059446733,0.5012948793407886,0.004885226603884685,0.4042293695499133,0.3833309575440879,0.42306274800567145,0.4042293695499133,0.1874203046858096,0.0915590405904059,0.599930827315275
ALL(cleaned),B  1-3 / 4 / 5,COLD,none,16990,24%/26%/50%,RandForest,prior-corr,0.42566215420835785,0.5012948793407886,-0.0756327251324308,0.4182024037974961,0.4056841448410322,0.4088472021936405,0.4182024037974961,0.2060028059918284,0.2871309963099631,0.599930827315275
ALL(cleaned),B  1-3 / 4 / 5,COLD,none,16990,24%/26%/50%,ExtraTrees,argmax,0.5142436727486757,0.5012948793407886,0.012948793407887016,0.400162679180559,0.3669525111782539,0.43068583085381235,0.400162679180559,0.17880145620637022,0.05419741697416974,0.6124911841023134
ALL(cleaned),B  1-3 / 4 / 5,COLD,none,16990,24%/26%/50%,ExtraTrees,prior-corr,0.4429664508534432,0.5012948793407886,-0.05832842848734543,0.43221053001729254,0.4198175822399543,0.4222900144129312,0.43221053001729254,0.2300777564994978,0.2887453874538745,0.6124911841023134
ALL(cleaned),B  1-3 / 4 / 5,COLD,none,16990,24%/26%/50%,LightGBM,argmax,0.4848145968216598,0.5012948793407886,-0.016480282519128864,0.392241852595901,0.37982900621763926,0.40155562000639544,0.392241852595901,0.16338366645357816,0.13145756457564575,0.5789931547032828
ALL(cleaned),B  1-3 / 4 / 5,COLD,none,16990,24%/26%/50%,LightGBM,prior-corr,0.41318422601530314,0.5012948793407886,-0.08811065332548551,0.39687816888333044,0.39162474443619705,0.3937445241236457,0.39687816888333044,0.16551436786472584,0.308809963099631,0.5789931547032828
ALL(cleaned),B  1-3 / 4 / 5,COLD,balanced,16990,24%/26%/50%,LogReg,argmax,0.4653325485579753,0.5012948793407886,-0.035962330782813356,0.4250927701143204,0.4162244979124088,0.41573755629222015,0.4250927701143204,0.21848806595244863,0.20525830258302583,0.5991884408771082
ALL(cleaned),B  1-3 / 4 / 5,COLD,balanced,16990,24%/26%/50%,LogReg,prior-corr,0.4595644496762802,0.5012948793407886,-0.04173042966450846,0.42588565232066133,0.4155304301395895,0.41532411012414183,0.42588565232066133,0.2142557969233868,0.21379151291512916,0.5991884408771082
ALL(cleaned),B  1-3 / 4 / 5,COLD,balanced,16990,24%/26%/50%,RandForest,argmax,0.468569746909947,0.5012948793407886,-0.03272513243084163,0.41312209714516746,0.4073653922800909,0.4087856952179075,0.41312209714516746,0.20530195439396204,0.1893450184501845,0.5991944456248651
ALL(cleaned),B  1-3 / 4 / 5,COLD,balanced,16990,24%/26%/50%,RandForest,prior-corr,0.41954090641553854,0.5012948793407886,-0.0817539729252501,0.4197498138553763,0.4039192934538596,0.41092279287238,0.4197498138553763,0.20268575126207067,0.3037361623616236,0.5991944456248651
ALL(cleaned),B  1-3 / 4 / 5,COLD,balanced,16990,24%/26%/50%,ExtraTrees,argmax,0.4556798116539141,0.5012948793407886,-0.045615067686874566,0.43141339126832284,0.42312561770506446,0.42217253867557347,0.43141339126832284,0.22929952889178762,0.26614391143911437,0.6114771443703029
ALL(cleaned),B  1-3 / 4 / 5,COLD,balanced,16990,24%/26%/50%,ExtraTrees,prior-corr,0.4316068275456151,0.5012948793407886,-0.06968805179517357,0.432647010653312,0.415901775426126,0.4228018712494926,0.432647010653312,0.2207708202165527,0.31503690036900367,0.6114771443703029
ALL(cleaned),B  1-3 / 4 / 5,COLD,balanced,16990,24%/26%/50%,LightGBM,argmax,0.42860506180105945,0.5012948793407886,-0.0726898175397292,0.39677878366896735,0.39520617062227287,0.39458112474607665,0.39677878366896735,0.16507331254102742,0.27744464944649444,0.5779619962338486
ALL(cleaned),B  1-3 / 4 / 5,COLD,balanced,16990,24%/26%/50%,LightGBM,prior-corr,0.40041200706297825,0.5012948793407886,-0.1008828722778104,0.398772018855908,0.38805424387757365,0.39453131012309384,0.398772018855908,0.1601721254343348,0.33809963099630996,0.5779619962338486
ALL(cleaned),B  1-3 / 4 / 5,IMPUTE,none,16990,24%/26%/50%,LogReg,argmax,0.6516185991759859,0.5012948793407886,0.1503237198351972,0.5793972040818537,0.5741162612259401,0.5990302647618877,0.5793972040818537,0.5698454444054712,0.24792435424354242,0.8300465749169589
ALL(cleaned),B  1-3 / 4 / 5,IMPUTE,none,16990,24%/26%/50%,LogReg,prior-corr,0.6483814008240141,0.5012948793407886,0.14708652148322543,0.6198383454754522,0.6152658734787538,0.6130889792532983,0.6198383454754522,0.619564971113944,0.46517527675276754,0.8300465749169589
ALL(cleaned),B  1-3 / 4 / 5,IMPUTE,none,16990,24%/26%/50%,RandForest,argmax,0.7504414361389052,0.5012948793407886,0.2491465567981166,0.7104338909131926,0.7112086004555133,0.7191992038424928,0.7104338909131926,0.6842605949373439,0.5334409594095941,0.91022865507828
ALL(cleaned),B  1-3 / 4 / 5,IMPUTE,none,16990,24%/26%/50%,RandForest,prior-corr,0.7283696291936433,0.5012948793407886,0.2270747498528547,0.7287015998876641,0.7085512229658862,0.7094474410299135,0.7287015998876641,0.6635773490015003,0.6547509225092251,0.91022865507828
ALL(cleaned),B  1-3 / 4 / 5,IMPUTE,none,16990,24%/26%/50%,ExtraTrees,argmax,0.7440258975868158,0.5012948793407886,0.24273101824602716,0.7022845601783181,0.7030539146326316,0.7117914443225001,0.7022845601783181,0.6836699216664694,0.5094557195571956,0.9051769244747411
ALL(cleaned),B  1-3 / 4 / 5,IMPUTE,none,16990,24%/26%/50%,ExtraTrees,prior-corr,0.7234255444379046,0.5012948793407886,0.222130665097116,0.72546440782774,0.7047913100683264,0.7053051013645278,0.72546440782774,0.6676168268556371,0.6593634686346863,0.9051769244747411
ALL(cleaned),B  1-3 / 4 / 5,IMPUTE,none,16990,24%/26%/50%,LightGBM,argmax,0.7663919952913478,0.5012948793407886,0.2650971159505592,0.7334073149421498,0.7330878597793795,0.7343461896715633,0.7334073149421498,0.6941094656907779,0.6226937269372693,0.9199005927226215
ALL(cleaned),B  1-3 / 4 / 5,IMPUTE,none,16990,24%/26%/50%,LightGBM,prior-corr,0.7545026486168335,0.5012948793407886,0.2532077692760448,0.7417162431722195,0.7299887778018204,0.7255715147119893,0.7417162431722195,0.6923561229408385,0.6916512915129152,0.9199005927226215
ALL(cleaned),B  1-3 / 4 / 5,IMPUTE,balanced,16990,24%/26%/50%,LogReg,argmax,0.6456739258387286,0.5012948793407886,0.14437904649793998,0.6186973070037293,0.6132366107727409,0.6109726201789538,0.6186973070037293,0.6160910868383851,0.4654059040590406,0.8324568119820165
ALL(cleaned),B  1-3 / 4 / 5,IMPUTE,balanced,16990,24%/26%/50%,LogReg,prior-corr,0.6401412595644497,0.5012948793407886,0.13884638022366103,0.624395600211339,0.6127607878169921,0.6111507589824076,0.624395600211339,0.6128883586465101,0.4697878228782288,0.8324568119820165
ALL(cleaned),B  1-3 / 4 / 5,IMPUTE,balanced,16990,24%/26%/50%,RandForest,argmax,0.7502060035314891,0.5012948793407886,0.2489111241907005,0.7270424530314191,0.7191175475062922,0.7174447367224573,0.7270424530314191,0.6943969669894787,0.5913284132841329,0.9094086654149866
ALL(cleaned),B  1-3 / 4 / 5,IMPUTE,balanced,16990,24%/26%/50%,RandForest,prior-corr,0.7176574455562096,0.5012948793407886,0.21636256621542094,0.7237266405757704,0.7001662643689542,0.7048316461063399,0.7237266405757704,0.653016486265193,0.6577490774907749,0.9094086654149866
ALL(cleaned),B  1-3 / 4 / 5,IMPUTE,balanced,16990,24%/26%/50%,ExtraTrees,argmax,0.7363743378457916,0.5012948793407886,0.235079458505003,0.7244167537476924,0.7111955044070711,0.7074583257879618,0.7244167537476924,0.6864351734729538,0.6233856088560885,0.9029914029333267
ALL(cleaned),B  1-3 / 4 / 5,IMPUTE,balanced,16990,24%/26%/50%,ExtraTrees,prior-corr,0.7008240141259564,0.5012948793407886,0.19952913478516776,0.7142455994443554,0.6868393032217094,0.6959636036825828,0.7142455994443554,0.6393296289299379,0.664435834213925,0.9029914029333267
ALL(cleaned),B  1-3 / 4 / 5,IMPUTE,balanced,16990,24%/26%/50%,LightGBM,argmax,0.7603296056503825,0.5012948793407886,0.2590347263095939,0.7398516778780643,0.7321538552259779,0.7281654988972818,0.7398516778780643,0.6966715146829303,0.6593634686346863,0.9181834896058066
ALL(cleaned),B  1-3 / 4 / 5,IMPUTE,balanced,16990,24%/26%/50%,LightGBM,prior-corr,0.7448499117127723,0.5012948793407886,0.24355503237198362,0.7399371499703852,0.7235842123792514,0.7212410434107048,0.7399371499703852,0.6867361445263446,0.6994926199261993,0.9181834896058066
ALL(cleaned),C  1-2 / 3-4 / 5,COLD,none,16990,9%/41%/50%,LogReg,argmax,0.5292525014714538,0.5012948793407886,0.027957622130665105,0.3725199087599839,0.3463771278697245,0.4409740588851421,0.3725199087599839,0.15609396479522641,0.005932762030323006,0.6189830982684266
ALL(cleaned),C  1-2 / 3-4 / 5,COLD,none,16990,9%/41%/50%,LogReg,prior-corr,0.4414949970570924,0.5012948793407886,-0.05979988228369626,0.4471795441290409,0.37629160497457415,0.3970408575714816,0.4471795441290409,0.19866237155506916,0.19680851063829788,0.6189830982684266
ALL(cleaned),C  1-2 / 3-4 / 5,COLD,none,16990,9%/41%/50%,RandForest,argmax,0.5223660977045321,0.5012948793407886,0.021071218363743482,0.37892537775826235,0.3666723932510405,0.4261315486597326,0.37892537775826235,0.1520280901425437,0.01845748187211602,0.6229669656056026
ALL(cleaned),C  1-2 / 3-4 / 5,COLD,none,16990,9%/41%/50%,RandForest,prior-corr,0.4249558563861095,0.5012948793407886,-0.07633902295467915,0.4513887534086947,0.38650097692410795,0.4026889416824222,0.4513887534086947,0.19474821191934144,0.30678550891316847,0.6229669656056026
ALL(cleaned),C  1-2 / 3-4 / 5,COLD,none,16990,9%/41%/50%,ExtraTrees,argmax,0.5329017068864038,0.5012948793407886,0.03160682754561517,0.38455700460917114,0.37063373713972464,0.4404246530942051,0.38455700460917114,0.17556370333571614,0.01911667765326302,0.6348490312190446
ALL(cleaned),C  1-2 / 3-4 / 5,COLD,none,16990,9%/41%/50%,ExtraTrees,prior-corr,0.4371983519717481,0.5012948793407886,-0.06409652736904053,0.45793636264143706,0.3936870693324043,0.411293938402255,0.45793636264143706,0.20681315613964246,0.29844738355376654,0.6348490312190446
ALL(cleaned),C  1-2 / 3-4 / 5,COLD,none,16990,9%/41%/50%,LightGBM,argmax,0.5041789287816363,0.5012948793407886,0.002884049440847636,0.3747879513678116,0.3710881825852412,0.40882904383381585,0.3747879513678116,0.13822284532883555,0.04878048780487805,0.5983477157616391
ALL(cleaned),C  1-2 / 3-4 / 5,COLD,none,16990,9%/41%/50%,LightGBM,prior-corr,0.43060623896409655,0.5012948793407886,-0.07068864037669209,0.4215537492623846,0.38291471192365645,0.38806901118965226,0.4215537492623846,0.16024418896183323,0.3392754456584244,0.5983477157616391
ALL(cleaned),C  1-2 / 3-4 / 5,COLD,balanced,16990,9%/41%/50%,LogReg,argmax,0.44367274867569156,0.5012948793407886,-0.05762213066509708,0.4496760640493962,0.37775165648261194,0.4001772670947979,0.4496760640493962,0.2028930041671807,0.19623346751006326,0.6062824359433563
ALL(cleaned),C  1-2 / 3-4 / 5,COLD,balanced,16990,9%/41%/50%,LogReg,prior-corr,0.4268981753972925,0.5012948793407886,-0.07439670394349612,0.4569238844655776,0.3733006936696834,0.4000570423743898,0.4569238844655776,0.2002387124950209,0.20184013801035078,0.6062824359433563
ALL(cleaned),C  1-2 / 3-4 / 5,COLD,balanced,16990,9%/41%/50%,RandForest,argmax,0.5069452619187758,0.5012948793407886,0.005650382577987112,0.4022789980255525,0.40594148410843633,0.41572351594756246,0.4022789980255525,0.18792618294681318,0.13513513513513514,0.6187164120833546
ALL(cleaned),C  1-2 / 3-4 / 5,COLD,balanced,16990,9%/41%/50%,RandForest,prior-corr,0.4104767510300177,0.5012948793407886,-0.09081812831077096,0.4453239887264691,0.37695396502984346,0.39972587268671694,0.4453239887264691,0.17733092644496373,0.3089419206440483,0.6187164120833546
ALL(cleaned),C  1-2 / 3-4 / 5,COLD,balanced,16990,9%/41%/50%,ExtraTrees,argmax,0.48057680988816953,0.5012948793407886,-0.020718069452619114,0.4446368777813645,0.41980290734595166,0.41708763161721496,0.4446368777813645,0.21928609759084272,0.36980883322346736,0.6250199897103755
ALL(cleaned),C  1-2 / 3-4 / 5,COLD,balanced,16990,9%/41%/50%,ExtraTrees,prior-corr,0.416597998822837,0.5012948793407886,-0.08469688051795166,0.45340961221357395,0.3811482243213289,0.4093508591389298,0.45340961221357395,0.1887346458624145,0.29485336400230017,0.6250199897103755
ALL(cleaned),C  1-2 / 3-4 / 5,COLD,balanced,16990,9%/41%/50%,LightGBM,argmax,0.47357268981753975,0.5012948793407886,-0.027722189523248897,0.3961186991190357,0.393344281315629,0.3915791938892544,0.3961186991190357,0.15420683419514147,0.2010547132498352,0.5879298536432445
ALL(cleaned),C  1-2 / 3-4 / 5,COLD,balanced,16990,9%/41%/50%,LightGBM,prior-corr,0.41030017657445556,0.5012948793407886,-0.09099470276633309,0.42107389755821334,0.37111513720630335,0.38733314633299903,0.42107389755821334,0.15236736637906811,0.32777458309373203,0.5879298536432445
ALL(cleaned),C  1-2 / 3-4 / 5,IMPUTE,none,16990,9%/41%/50%,LogReg,argmax,0.7041789287816362,0.5012948793407886,0.2028840494408476,0.6031013351248792,0.6249027997018423,0.6716962071771088,0.6031013351248792,0.5723903605360852,0.35069215557020433,0.8744939952017519
ALL(cleaned),C  1-2 / 3-4 / 5,IMPUTE,none,16990,9%/41%/50%,LogReg,prior-corr,0.6769864626250736,0.5012948793407886,0.1756915832842849,0.6953707004036455,0.6272157442687379,0.6155194345466564,0.6953707004036455,0.5634203644074942,0.5462909718228867,0.8744939952017519
ALL(cleaned),C  1-2 / 3-4 / 5,IMPUTE,none,16990,9%/41%/50%,RandForest,argmax,0.7883460859329017,0.5012948793407886,0.28705120659211303,0.6775177563395841,0.7017489004183867,0.7623261975449266,0.6775177563395841,0.6661473660702757,0.37376400791034936,0.9271332364226339
ALL(cleaned),C  1-2 / 3-4 / 5,IMPUTE,none,16990,9%/41%/50%,RandForest,prior-corr,0.7164802825191289,0.5012948793407886,0.21518540317834023,0.7678757257328526,0.6665412665048954,0.6711473185213991,0.7678757257328526,0.5869909781012252,0.6499424956871765,0.9271332364226339
ALL(cleaned),C  1-2 / 3-4 / 5,IMPUTE,none,16990,9%/41%/50%,ExtraTrees,argmax,0.7828722778104767,0.5012948793407886,0.2815773984696881,0.6720369005216722,0.696128015847945,0.7584228848617105,0.6720369005216722,0.6632847640274493,0.3671720500988794,0.923626197120234
ALL(cleaned),C  1-2 / 3-4 / 5,IMPUTE,none,16990,9%/41%/50%,ExtraTrees,prior-corr,0.712948793407887,0.5012948793407886,0.21165391406709833,0.7660654192742188,0.6641952557885521,0.6678892726707609,0.7660654192742188,0.5887771047911837,0.6469235192639448,0.923626197120234
ALL(cleaned),C  1-2 / 3-4 / 5,IMPUTE,none,16990,9%/41%/50%,LightGBM,argmax,0.8063566804002354,0.5012948793407886,0.3050618010594468,0.7166120832368422,0.7295506083287867,0.7508315941776798,0.7166120832368422,0.6926545588251873,0.47066578773895845,0.9350337295260341
ALL(cleaned),C  1-2 / 3-4 / 5,IMPUTE,none,16990,9%/41%/50%,LightGBM,prior-corr,0.7757504414361389,0.5012948793407886,0.27445556209535027,0.7712698351148853,0.7141137644438013,0.6992952660905565,0.7712698351148853,0.6614321285485124,0.7432432432432432,0.9350337295260341
ALL(cleaned),C  1-2 / 3-4 / 5,IMPUTE,balanced,16990,9%/41%/50%,LogReg,argmax,0.6767510300176575,0.5012948793407886,0.17545615067686882,0.697027786550472,0.6278810214008673,0.6159263706167405,0.697027786550472,0.5591878908767468,0.5523289246693502,0.8697078431329307
ALL(cleaned),C  1-2 / 3-4 / 5,IMPUTE,balanced,16990,9%/41%/50%,LogReg,prior-corr,0.6570335491465568,0.5012948793407886,0.15573866980576812,0.7129018891272644,0.6146207371701603,0.6107418950396261,0.7129018891272644,0.5501700146912085,0.5419781483611271,0.8697078431329307
ALL(cleaned),C  1-2 / 3-4 / 5,IMPUTE,balanced,16990,9%/41%/50%,RandForest,argmax,0.7844614479105356,0.5012948793407886,0.283166568569747,0.7301422509679947,0.7244863062635128,0.7221821144830612,0.7301422509679947,0.6712611027691646,0.5787738958470666,0.9251315572854937
ALL(cleaned),C  1-2 / 3-4 / 5,IMPUTE,balanced,16990,9%/41%/50%,RandForest,prior-corr,0.6997057092407298,0.5012948793407886,0.1984108298999412,0.7629589118730102,0.6520780826770654,0.6662640735874162,0.7629589118730102,0.5692170879943002,0.6249281196089707,0.9251315572854937
ALL(cleaned),C  1-2 / 3-4 / 5,IMPUTE,balanced,16990,9%/41%/50%,ExtraTrees,argmax,0.7643908181283108,0.5012948793407886,0.26309593878752213,0.7551147641122,0.7097922487673101,0.6928004809156035,0.7551147641122,0.6532488674517645,0.7310481212920237,0.9190387427283749
ALL(cleaned),C  1-2 / 3-4 / 5,IMPUTE,balanced,16990,9%/41%/50%,ExtraTrees,prior-corr,0.6862271924661566,0.5012948793407886,0.18493231312536795,0.75706489052257,0.6411253141543164,0.6599589475107371,0.75706489052257,0.5603277381733767,0.6101207590569293,0.9190387427283749
ALL(cleaned),C  1-2 / 3-4 / 5,IMPUTE,balanced,16990,9%/41%/50%,LightGBM,argmax,0.7961742201294879,0.5012948793407886,0.29487934078869926,0.7423235910600905,0.726914027511035,0.7169310340355954,0.7423235910600905,0.6819138269500369,0.5965721819380356,0.9316179918781975
ALL(cleaned),C  1-2 / 3-4 / 5,IMPUTE,balanced,16990,9%/41%/50%,LightGBM,prior-corr,0.7600941730429664,0.5012948793407886,0.2587992937021778,0.7718360037243288,0.7001519782225071,0.6909886761910758,0.7718360037243288,0.6400140066682898,0.7189476710753306,0.9316179918781975
T2 engaged,A  1-2 / 3 / 4-5,COLD,none,8448,14%/23%/63%,LogReg,argmax,0.6287878787878788,0.6299715909090909,-0.0011837121212121549,0.3450077046797571,0.2897895525236393,0.4613873569209865,0.3450077046797571,0.03678157899224199,0.024489795918367346,0.6158922610350803
T2 engaged,A  1-2 / 3 / 4-5,COLD,none,8448,14%/23%/63%,LogReg,prior-corr,0.5053267045454546,0.6299715909090909,-0.12464488636363635,0.4346195596463011,0.404836344827787,0.4074443203370221,0.4346195596463011,0.20952658838739957,0.20051020408163264,0.6158922610350803
T2 engaged,A  1-2 / 3 / 4-5,COLD,none,8448,14%/23%/63%,RandForest,argmax,0.6200284090909091,0.6299715909090909,-0.009943181818181879,0.360865172780849,0.3324777970435793,0.4467197288651838,0.360865172780849,0.0831790582965447,0.0686106346483705,0.6248444732011472
T2 engaged,A  1-2 / 3 / 4-5,COLD,none,8448,14%/23%/63%,RandForest,prior-corr,0.44945549242424243,0.6299715909090909,-0.1805160984848485,0.42811050362687214,0.39403773575735634,0.40989017929557797,0.42811050362687214,0.1887597872147192,0.34285714285714286,0.6248444732011472
T2 engaged,A  1-2 / 3 / 4-5,COLD,none,8448,14%/23%/63%,ExtraTrees,argmax,0.6247632575757576,0.6299715909090909,-0.00520833333333337,0.3621650242640923,0.3305575885271472,0.4529306204062058,0.3621650242640923,0.0879992479166044,0.05459183673469388,0.6351697018605514
T2 engaged,A  1-2 / 3 / 4-5,COLD,none,8448,14%/23%/63%,ExtraTrees,prior-corr,0.4617660984848485,0.6299715909090909,-0.16820549242424243,0.44234578321934775,0.4061268977777421,0.42148891906181657,0.44234578321934775,0.21309390747253543,0.35408163265306125,0.6351697018605514
T2 engaged,A  1-2 / 3 / 4-5,COLD,none,8448,14%/23%/63%,LightGBM,argmax,0.5990767045454546,0.6299715909090909,-0.030894886363636354,0.37603248093520886,0.3684141830340916,0.4189603915634657,0.37603248093520886,0.12272728996991855,0.11663807890222985,0.6019649087494835
T2 engaged,A  1-2 / 3 / 4-5,COLD,none,8448,14%/23%/63%,LightGBM,prior-corr,0.4608191287878788,0.6299715909090909,-0.16915246212121215,0.4084180948742282,0.3891066872608369,0.3952747583014036,0.4084180948742282,0.1621753910512621,0.33316326530612245,0.6019649087494835
T2 engaged,A  1-2 / 3 / 4-5,COLD,balanced,8448,14%/23%/63%,LogReg,argmax,0.5056818181818182,0.6299715909090909,-0.12428977272727271,0.4373035864214221,0.4075629097721601,0.4100652264883802,0.4373035864214221,0.21175394483441623,0.20918367346938777,0.6102776291408506
T2 engaged,A  1-2 / 3 / 4-5,COLD,balanced,8448,14%/23%/63%,LogReg,prior-corr,0.4835464015151515,0.6299715909090909,-0.14642518939393945,0.4381137084672275,0.40433181161608767,0.41013149431072754,0.4381137084672275,0.20112605598497657,0.24744897959183673,0.6102776291408506
T2 engaged,A  1-2 / 3 / 4-5,COLD,balanced,8448,14%/23%/63%,RandForest,argmax,0.5649857954545454,0.6299715909090909,-0.06498579545454553,0.4044608372709395,0.406828046034585,0.41524342275196324,0.4044608372709395,0.18306980067502687,0.22126929674099485,0.6201796800286526
T2 engaged,A  1-2 / 3 / 4-5,COLD,balanced,8448,14%/23%/63%,RandForest,prior-corr,0.42613636363636365,0.6299715909090909,-0.2038352272727273,0.4231625420448249,0.38177691006982156,0.40780989337541546,0.4231625420448249,0.17194462960698065,0.3535714285714286,0.6201796800286526
T2 engaged,A  1-2 / 3 / 4-5,COLD,balanced,8448,14%/23%/63%,ExtraTrees,argmax,0.5013020833333334,0.6299715909090909,-0.12866950757575757,0.4343927540417267,0.4183893711803092,0.4191042399359976,0.4343927540417267,0.2165870002438034,0.3494897959183674,0.6232678972275321
T2 engaged,A  1-2 / 3 / 4-5,COLD,balanced,8448,14%/23%/63%,ExtraTrees,prior-corr,0.4354876893939394,0.6299715909090909,-0.19448390151515155,0.44096661888204597,0.3935885465751412,0.4215364797515264,0.44096661888204597,0.19824685235718564,0.3647959183673469,0.6232678972275321
T2 engaged,A  1-2 / 3 / 4-5,COLD,balanced,8448,14%/23%/63%,LightGBM,argmax,0.5248579545454546,0.6299715909090909,-0.10511363636363635,0.40297542929563707,0.4022088902171809,0.40162084829433314,0.40297542929563707,0.17543024742308744,0.2521440823327616,0.5961675870246077
T2 engaged,A  1-2 / 3 / 4-5,COLD,balanced,8448,14%/23%/63%,LightGBM,prior-corr,0.4267282196969697,0.6299715909090909,-0.20324337121212122,0.4035162570955106,0.3738961753415542,0.39187124592792916,0.4035162570955106,0.14648746298102877,0.3510204081632653,0.5961675870246077
T2 engaged,A  1-2 / 3 / 4-5,IMPUTE,none,8448,14%/23%/63%,LogReg,argmax,0.6519886363636364,0.6299715909090909,0.022017045454545414,0.44461117033706427,0.4438384734819634,0.5239313945872573,0.44461117033706427,0.29597085637200804,0.12857142857142856,0.7283251068120552
T2 engaged,A  1-2 / 3 / 4-5,IMPUTE,none,8448,14%/23%/63%,LogReg,prior-corr,0.5542140151515151,0.6299715909090909,-0.0757575757575758,0.5254732027150792,0.4798541310860395,0.4761956685493433,0.5254732027150792,0.3331745181050627,0.3066326530612245,0.7283251068120552
T2 engaged,A  1-2 / 3 / 4-5,IMPUTE,none,8448,14%/23%/63%,RandForest,argmax,0.6876183712121212,0.6299715909090909,0.057646780303030276,0.4890724884667032,0.5034938539948518,0.615061167078775,0.4890724884667032,0.37307350713128884,0.19081632653061226,0.7827531392468146
T2 engaged,A  1-2 / 3 / 4-5,IMPUTE,none,8448,14%/23%/63%,RandForest,prior-corr,0.5555160984848485,0.6299715909090909,-0.07445549242424243,0.5897614980096436,0.5085559383656973,0.5223814821697322,0.5897614980096436,0.34841632216825,0.39132653061224487,0.7827531392468146
T2 engaged,A  1-2 / 3 / 4-5,IMPUTE,none,8448,14%/23%/63%,ExtraTrees,argmax,0.6795691287878788,0.6299715909090909,0.049597537878787845,0.47864777344070947,0.48759296320772605,0.5968488969058058,0.47864777344070947,0.35520100593488424,0.16683673469387755,0.7806453326285961
T2 engaged,A  1-2 / 3 / 4-5,IMPUTE,none,8448,14%/23%/63%,ExtraTrees,prior-corr,0.5622632575757576,0.6299715909090909,-0.06770833333333337,0.5898922306463702,0.512027667526635,0.5225903354503133,0.5898922306463702,0.36715447040399496,0.38877551020408163,0.7806453326285961
T2 engaged,A  1-2 / 3 / 4-5,IMPUTE,none,8448,14%/23%/63%,LightGBM,argmax,0.6715198863636364,0.6299715909090909,0.041548295454545414,0.5141049542122847,0.5257912168198965,0.5606934205795455,0.5141049542122847,0.3941573436644341,0.29183673469387755,0.7771402694764132
T2 engaged,A  1-2 / 3 / 4-5,IMPUTE,none,8448,14%/23%/63%,LightGBM,prior-corr,0.6023910984848485,0.6299715909090909,-0.02758049242424243,0.5692230670268486,0.5342305505432425,0.5249132419371224,0.5692230670268486,0.3919463061603131,0.44846938775510203,0.7771402694764132
T2 engaged,A  1-2 / 3 / 4-5,IMPUTE,balanced,8448,14%/23%/63%,LogReg,argmax,0.5537405303030303,0.6299715909090909,-0.07623106060606066,0.5259426520925349,0.47911357817828826,0.4754463202959021,0.5259426520925349,0.33599850268234355,0.30051020408163265,0.716632450031848
T2 engaged,A  1-2 / 3 / 4-5,IMPUTE,balanced,8448,14%/23%/63%,LogReg,prior-corr,0.5121922348484849,0.6299715909090909,-0.11777935606060608,0.5328196720109555,0.463016773806852,0.47004360025240793,0.5328196720109555,0.30632159703176176,0.3336734693877551,0.716632450031848
T2 engaged,A  1-2 / 3 / 4-5,IMPUTE,balanced,8448,14%/23%/63%,RandForest,argmax,0.6721117424242424,0.6299715909090909,0.04214015151515149,0.5423921217778734,0.5411372369063415,0.5700975956190681,0.5423921217778734,0.4205433580539054,0.2698979591836735,0.7808754718571409
T2 engaged,A  1-2 / 3 / 4-5,IMPUTE,balanced,8448,14%/23%/63%,RandForest,prior-corr,0.5356297348484849,0.6299715909090909,-0.09434185606060608,0.5905980499631833,0.4982614865788621,0.5232205341450518,0.5905980499631833,0.3280977699542351,0.40816326530612246,0.7808754718571409
T2 engaged,A  1-2 / 3 / 4-5,IMPUTE,balanced,8448,14%/23%/63%,ExtraTrees,argmax,0.6341145833333334,0.6299715909090909,0.004142992424242431,0.5736455858975816,0.5385188556298779,0.5375794944622821,0.5736455858975816,0.43149386735074713,0.30918367346938774,0.7704783131886087
T2 engaged,A  1-2 / 3 / 4-5,IMPUTE,balanced,8448,14%/23%/63%,ExtraTrees,prior-corr,0.5187026515151515,0.6299715909090909,-0.11126893939393945,0.5793198222562779,0.48333342448264144,0.5119239165970207,0.5793198222562779,0.31954126053872334,0.39183673469387753,0.7704783131886087
T2 engaged,A  1-2 / 3 / 4-5,IMPUTE,balanced,8448,14%/23%/63%,LightGBM,argmax,0.6415719696969697,0.6299715909090909,0.011600378787878785,0.5489838646868005,0.5412331032328456,0.537223917067211,0.5489838646868005,0.4152689925571008,0.38112244897959185,0.7703780438108111
T2 engaged,A  1-2 / 3 / 4-5,IMPUTE,balanced,8448,14%/23%/63%,LightGBM,prior-corr,0.5732717803030303,0.6299715909090909,-0.05669981060606066,0.572200817520302,0.5207262474717848,0.5185414936621765,0.572200817520302,0.36376252293257605,0.47959183673469385,0.7703780438108111
T2 engaged,B  1-3 / 4 / 5,COLD,none,8448,37%/31%/32%,LogReg,argmax,0.4240056818181818,0.3700284090909091,0.05397727272727271,0.41550000626905836,0.38438230759539554,0.4054753036862002,0.41550000626905836,0.19787663644653508,0.11615588346575861,0.5950881987925685
T2 engaged,B  1-3 / 4 / 5,COLD,none,8448,37%/31%/32%,LogReg,prior-corr,0.41571969696969696,0.3700284090909091,0.045691287878787845,0.41340304359758195,0.39673187864185006,0.4078484787599436,0.41340304359758195,0.198010639146452,0.19825955353764663,0.5950881987925685
T2 engaged,B  1-3 / 4 / 5,COLD,none,8448,37%/31%/32%,RandForest,argmax,0.44140625,0.3700284090909091,0.07137784090909088,0.4319596511668076,0.4261210170207643,0.42995600785113886,0.4319596511668076,0.2372138281025873,0.2674990541051835,0.6073943619696981
T2 engaged,B  1-3 / 4 / 5,COLD,none,8448,37%/31%/32%,RandForest,prior-corr,0.4341856060606061,0.3700284090909091,0.06415719696969696,0.42993530835190263,0.42901427688110966,0.4284931168491866,0.42993530835190263,0.23125036523778075,0.33030646992054485,0.6073943619696981
T2 engaged,B  1-3 / 4 / 5,COLD,none,8448,37%/31%/32%,ExtraTrees,argmax,0.45466382575757575,0.3700284090909091,0.08463541666666663,0.44404735239805354,0.4342205101103713,0.4404264213165812,0.44404735239805354,0.25971182807095905,0.24025728339008703,0.6182649063734273
T2 engaged,B  1-3 / 4 / 5,COLD,none,8448,37%/31%/32%,ExtraTrees,prior-corr,0.44483901515151514,0.3700284090909091,0.07481060606060602,0.44033710456532066,0.4381899565650899,0.43751608466768915,0.44033710456532066,0.24764859418088636,0.3193340900491865,0.6182649063734273
T2 engaged,B  1-3 / 4 / 5,COLD,none,8448,37%/31%/32%,LightGBM,argmax,0.42578125,0.3700284090909091,0.055752840909090884,0.4193092344181806,0.41701956032791426,0.4174657645570681,0.4193092344181806,0.20711633607895152,0.2996594778660613,0.5912827919854012
T2 engaged,B  1-3 / 4 / 5,COLD,none,8448,37%/31%/32%,LightGBM,prior-corr,0.4189157196969697,0.3700284090909091,0.04888731060606061,0.41602721180588215,0.4156175814134229,0.41538855383318385,0.41602721180588215,0.20579264315647217,0.33598183881952326,0.5912827919854012
T2 engaged,B  1-3 / 4 / 5,COLD,balanced,8448,37%/31%/32%,LogReg,argmax,0.4170217803030303,0.3700284090909091,0.04699337121212116,0.4148318685654752,0.3979956135682761,0.4099734193103353,0.4148318685654752,0.1975615473344079,0.19977298524404086,0.5949420768790054
T2 engaged,B  1-3 / 4 / 5,COLD,balanced,8448,37%/31%/32%,LogReg,prior-corr,0.4167850378787879,0.3700284090909091,0.046756628787878785,0.4147185763411764,0.3974718936501069,0.41015045485659596,0.4147185763411764,0.19734222846891358,0.19825955353764663,0.5949420768790054
T2 engaged,B  1-3 / 4 / 5,COLD,balanced,8448,37%/31%/32%,RandForest,argmax,0.4347774621212121,0.3700284090909091,0.06474905303030298,0.4281868310757839,0.4253736439059493,0.42550566451483113,0.4281868310757839,0.2346668286923692,0.2936057510404843,0.6078404385384943
T2 engaged,B  1-3 / 4 / 5,COLD,balanced,8448,37%/31%/32%,RandForest,prior-corr,0.4345407196969697,0.3700284090909091,0.06451231060606061,0.4303729708411324,0.4294022637187742,0.42880897211364605,0.4303729708411324,0.2351469956348674,0.32879303821415057,0.6078404385384943
T2 engaged,B  1-3 / 4 / 5,COLD,balanced,8448,37%/31%/32%,ExtraTrees,argmax,0.44507575757575757,0.3700284090909091,0.07504734848484845,0.4398463070865954,0.4371727059282508,0.43673871877336506,0.4398463070865954,0.24733792359645457,0.30911842603102535,0.6183954498391547
T2 engaged,B  1-3 / 4 / 5,COLD,balanced,8448,37%/31%/32%,ExtraTrees,prior-corr,0.4425899621212121,0.3700284090909091,0.07256155303030298,0.4386499845811363,0.43666085142509,0.4359218672082092,0.4386499845811363,0.24330542669477628,0.32349602724177073,0.6183954498391547
T2 engaged,B  1-3 / 4 / 5,COLD,balanced,8448,37%/31%/32%,LightGBM,argmax,0.4199810606060606,0.3700284090909091,0.04995265151515149,0.4158871844935849,0.41536229674353087,0.41502381291578816,0.4158871844935849,0.2029827481212062,0.32879303821415057,0.5923435558359048
T2 engaged,B  1-3 / 4 / 5,COLD,balanced,8448,37%/31%/32%,LightGBM,prior-corr,0.41761363636363635,0.3700284090909091,0.04758522727272724,0.4152770340547726,0.41508425796314236,0.41528099802235624,0.4152770340547726,0.2014595666443203,0.34695421869088156,0.5923435558359048
T2 engaged,B  1-3 / 4 / 5,IMPUTE,none,8448,37%/31%/32%,LogReg,argmax,0.5151515151515151,0.3700284090909091,0.14512310606060602,0.5114222935424281,0.5037621930621196,0.5096322295041738,0.5114222935424281,0.34392342960556643,0.3325766174801362,0.7016497283179005
T2 engaged,B  1-3 / 4 / 5,IMPUTE,none,8448,37%/31%/32%,LogReg,prior-corr,0.5160984848484849,0.3700284090909091,0.14607007575757575,0.5157397454798966,0.5091369629606284,0.5152027112775196,0.5157397454798966,0.3453682321750965,0.37911464245175935,0.7016497283179005
T2 engaged,B  1-3 / 4 / 5,IMPUTE,none,8448,37%/31%/32%,RandForest,argmax,0.583688446969697,0.3700284090909091,0.2136600378787879,0.577409794612087,0.5731689566814944,0.5780989844469598,0.577409794612087,0.458708012825772,0.4029511918274688,0.7714264300301168
T2 engaged,B  1-3 / 4 / 5,IMPUTE,none,8448,37%/31%/32%,RandForest,prior-corr,0.5826231060606061,0.3700284090909091,0.21259469696969696,0.5814463181087962,0.5784331451110823,0.57893325603767,0.5814463181087962,0.4537825769778836,0.47370412410139995,0.7714264300301168
T2 engaged,B  1-3 / 4 / 5,IMPUTE,none,8448,37%/31%/32%,ExtraTrees,argmax,0.5832149621212122,0.3700284090909091,0.21318655303030304,0.5769061554106455,0.5714365051298808,0.5757352379670244,0.5769061554106455,0.4695713929855535,0.38970866439651913,0.7667412042599148
T2 engaged,B  1-3 / 4 / 5,IMPUTE,none,8448,37%/31%/32%,ExtraTrees,prior-corr,0.5829782196969697,0.3700284090909091,0.2129498106060606,0.5809248890837032,0.5771402676797751,0.5776430834171197,0.5809248890837032,0.4703553282240386,0.44873250094589484,0.7667412042599148
T2 engaged,B  1-3 / 4 / 5,IMPUTE,none,8448,37%/31%/32%,LightGBM,argmax,0.5924479166666666,0.3700284090909091,0.2224195075757575,0.5880982543032403,0.5888765454024992,0.5930986531911918,0.5880982543032403,0.43235498491241986,0.49527052591751797,0.7750537475172513
T2 engaged,B  1-3 / 4 / 5,IMPUTE,none,8448,37%/31%/32%,LightGBM,prior-corr,0.5906723484848485,0.3700284090909091,0.2206439393939394,0.5900368584983363,0.5894098305771357,0.5889659297811868,0.5900368584983363,0.4449603333828156,0.5304578130911842,0.7750537475172513
T2 engaged,B  1-3 / 4 / 5,IMPUTE,balanced,8448,37%/31%/32%,LogReg,argmax,0.5165719696969697,0.3700284090909091,0.1465435606060606,0.5164806029318634,0.5097164393117602,0.5159092084995139,0.5164806029318634,0.34474690849806877,0.3817631479379493,0.7017746593581989
T2 engaged,B  1-3 / 4 / 5,IMPUTE,balanced,8448,37%/31%/32%,LogReg,prior-corr,0.5166903409090909,0.3700284090909091,0.14666193181818182,0.5170777879013859,0.5098751573141521,0.517015013107417,0.5170777879013859,0.34528796115071303,0.38403329549754067,0.7017746593581989
T2 engaged,B  1-3 / 4 / 5,IMPUTE,balanced,8448,37%/31%/32%,RandForest,argmax,0.5841619318181818,0.3700284090909091,0.21413352272727265,0.5795384461651105,0.5762332745660994,0.5781250259348786,0.5795384461651105,0.45925263218680235,0.42943624668936814,0.7713116209988599
T2 engaged,B  1-3 / 4 / 5,IMPUTE,balanced,8448,37%/31%/32%,RandForest,prior-corr,0.5815577651515151,0.3700284090909091,0.21152935606060602,0.58038580184276,0.5772741577930155,0.5778664032836368,0.58038580184276,0.45548246976130613,0.47105561861521,0.7713116209988599
T2 engaged,B  1-3 / 4 / 5,IMPUTE,balanced,8448,37%/31%/32%,ExtraTrees,argmax,0.5832149621212122,0.3700284090909091,0.21318655303030304,0.5791064588048768,0.5751410104565565,0.5761275024242382,0.5791064588048768,0.4703482043940813,0.42413923571698825,0.7663514113571385
T2 engaged,B  1-3 / 4 / 5,IMPUTE,balanced,8448,37%/31%/32%,ExtraTrees,prior-corr,0.5793087121212122,0.3700284090909091,0.20928030303030304,0.5775921700890811,0.5738998205232574,0.5743742725397242,0.5775921700890811,0.46575809264282775,0.45062429057888764,0.7663514113571385
T2 engaged,B  1-3 / 4 / 5,IMPUTE,balanced,8448,37%/31%/32%,LightGBM,argmax,0.5944602272727273,0.3700284090909091,0.22443181818181818,0.5913564052121062,0.5918307875152977,0.5937932847761629,0.5913564052121062,0.44021226319601725,0.5081346954218691,0.7774289210106291
T2 engaged,B  1-3 / 4 / 5,IMPUTE,balanced,8448,37%/31%/32%,LightGBM,prior-corr,0.5918560606060606,0.3700284090909091,0.22182765151515144,0.5917335332631225,0.5907746198683044,0.590234851055451,0.5917335332631225,0.44428202396140193,0.5361331819901627,0.7774289210106291
T2 engaged,C  1-2 / 3-4 / 5,COLD,none,8448,14%/54%/32%,LogReg,argmax,0.5540956439393939,0.5448626893939394,0.009232954545454475,0.3535626330299317,0.2910273865036856,0.5033944444250942,0.3535626330299317,0.06678804930660964,0.011149228130360206,0.6075996552247324
T2 engaged,C  1-2 / 3-4 / 5,COLD,none,8448,14%/54%/32%,LogReg,prior-corr,0.3836410984848485,0.5448626893939394,-0.16122159090909094,0.4481517993253372,0.37072730790113706,0.40627832944150294,0.4481517993253372,0.20919952978565948,0.20769063654138606,0.6075996552247324
T2 engaged,C  1-2 / 3-4 / 5,COLD,none,8448,14%/54%/32%,RandForest,argmax,0.5603693181818182,0.5448626893939394,0.015506628787878785,0.3961666580735555,0.3816539915311399,0.49212017237926736,0.3961666580735555,0.18715916411555555,0.04716981132075472,0.6222287185309889
T2 engaged,C  1-2 / 3-4 / 5,COLD,none,8448,14%/54%/32%,RandForest,prior-corr,0.41654829545454547,0.5448626893939394,-0.12831439393939398,0.4480276243520156,0.4019861829692987,0.415593200199248,0.4480276243520156,0.21118539007938586,0.356072126873778,0.6222287185309889
T2 engaged,C  1-2 / 3-4 / 5,COLD,none,8448,14%/54%/32%,ExtraTrees,argmax,0.5693655303030303,0.5448626893939394,0.02450284090909083,0.40357517769437584,0.39047031644978886,0.5018432935608889,0.40357517769437584,0.19750743959030082,0.05231560891938251,0.6333711304447583
T2 engaged,C  1-2 / 3-4 / 5,COLD,none,8448,14%/54%/32%,ExtraTrees,prior-corr,0.42554450757575757,0.5448626893939394,-0.11931818181818188,0.45872122280915645,0.4108330260523601,0.42548487780523264,0.45872122280915645,0.23604992426544047,0.349554638279383,0.6333711304447583
T2 engaged,C  1-2 / 3-4 / 5,COLD,none,8448,14%/54%/32%,LightGBM,argmax,0.5321969696969697,0.5448626893939394,-0.012665719696969724,0.39330257366525156,0.38997999492437546,0.4374520356802167,0.39330257366525156,0.16575294719541678,0.09090909090909091,0.5956357837108347
T2 engaged,C  1-2 / 3-4 / 5,COLD,none,8448,14%/54%/32%,LightGBM,prior-corr,0.42578125,0.5448626893939394,-0.11908143939393945,0.4236215316873148,0.3981001905294182,0.4025948108786696,0.4236215316873148,0.18806853547592306,0.3927958833619211,0.5956357837108347
T2 engaged,C  1-2 / 3-4 / 5,COLD,balanced,8448,14%/54%/32%,LogReg,argmax,0.3818655303030303,0.5448626893939394,-0.16299715909090917,0.4473667409695427,0.3684234273286968,0.4055486814385203,0.4473667409695427,0.20905649161376072,0.2018248968064306,0.6062787892998719
T2 engaged,C  1-2 / 3-4 / 5,COLD,balanced,8448,14%/54%/32%,LogReg,prior-corr,0.38446969696969696,0.5448626893939394,-0.1603929924242425,0.4493891102415224,0.3719757161534967,0.4085822928405771,0.4493891102415224,0.20938118943388717,0.21290462741690203,0.6062787892998719
T2 engaged,C  1-2 / 3-4 / 5,COLD,balanced,8448,14%/54%/32%,RandForest,argmax,0.5269886363636364,0.5448626893939394,-0.017874053030303094,0.430098926916676,0.4355994773247453,0.44973386013645095,0.430098926916676,0.21963465928359205,0.20411663807890223,0.6201138332489627
T2 engaged,C  1-2 / 3-4 / 5,COLD,balanced,8448,14%/54%/32%,RandForest,prior-corr,0.41062973484848486,0.5448626893939394,-0.13423295454545459,0.44803563613044783,0.39810695694078874,0.41737369879081104,0.44803563613044783,0.20633119127239696,0.3415164023462959,0.6201138332489627
T2 engaged,C  1-2 / 3-4 / 5,COLD,balanced,8448,14%/54%/32%,ExtraTrees,argmax,0.47407670454545453,0.5448626893939394,-0.07078598484848492,0.4528757280394884,0.4355105826418825,0.43337699188066986,0.4528757280394884,0.2375474102518934,0.3713550600343053,0.6317928670062224
T2 engaged,C  1-2 / 3-4 / 5,COLD,balanced,8448,14%/54%/32%,ExtraTrees,prior-corr,0.4114583333333333,0.5448626893939394,-0.13340435606060613,0.45804514836535154,0.4013302967208527,0.42357647768247975,0.45804514836535154,0.22746095947053546,0.3208776884640452,0.6317928670062224
T2 engaged,C  1-2 / 3-4 / 5,COLD,balanced,8448,14%/54%/32%,LightGBM,argmax,0.4835464015151515,0.5448626893939394,-0.061316287878787956,0.41749419498720924,0.4166933422109285,0.4162559218728923,0.41749419498720924,0.19517358971886778,0.23413379073756432,0.598622341610573
T2 engaged,C  1-2 / 3-4 / 5,COLD,balanced,8448,14%/54%/32%,LightGBM,prior-corr,0.4132339015151515,0.5448626893939394,-0.13162878787878796,0.4290302348061002,0.39288941613318157,0.4054516708787401,0.4290302348061002,0.18469582379005833,0.3608516185096676,0.598622341610573
T2 engaged,C  1-2 / 3-4 / 5,IMPUTE,none,8448,14%/54%/32%,LogReg,argmax,0.5858191287878788,0.5448626893939394,0.04095643939393934,0.4631277746451024,0.4747196424416818,0.5330454943757617,0.4631277746451024,0.25689879210459876,0.21269296740994853,0.7460439976895321
T2 engaged,C  1-2 / 3-4 / 5,IMPUTE,none,8448,14%/54%/32%,LogReg,prior-corr,0.5121922348484849,0.5448626893939394,-0.032670454545454586,0.5696669857951007,0.5011680088385445,0.5129325902943372,0.5696669857951007,0.3609850540295191,0.38931131870519226,0.7460439976895321
T2 engaged,C  1-2 / 3-4 / 5,IMPUTE,none,8448,14%/54%/32%,RandForest,argmax,0.6418087121212122,0.5448626893939394,0.09694602272727271,0.5184766113595428,0.5356911818519408,0.6114672708368251,0.5184766113595428,0.3806731931922589,0.21783876500857632,0.7995282547775485
T2 engaged,C  1-2 / 3-4 / 5,IMPUTE,none,8448,14%/54%/32%,RandForest,prior-corr,0.5448626893939394,0.5448626893939394,0.0,0.6247072880738566,0.5368508556784503,0.5573239065658477,0.6247072880738566,0.408787753019596,0.4255920052139909,0.7995282547775485
T2 engaged,C  1-2 / 3-4 / 5,IMPUTE,none,8448,14%/54%/32%,ExtraTrees,argmax,0.6418087121212122,0.5448626893939394,0.09694602272727271,0.5148414807169883,0.5328512587125566,0.6118962726949221,0.5148414807169883,0.3843195156218491,0.21869639794168097,0.7989164884451804
T2 engaged,C  1-2 / 3-4 / 5,IMPUTE,none,8448,14%/54%/32%,ExtraTrees,prior-corr,0.5455729166666666,0.5448626893939394,0.0007102272727271819,0.631874818529333,0.5391460235126161,0.5589762366016179,0.631874818529333,0.4337266951399136,0.40821203562893765,0.7989164884451804
T2 engaged,C  1-2 / 3-4 / 5,IMPUTE,none,8448,14%/54%/32%,LightGBM,argmax,0.6573153409090909,0.5448626893939394,0.11245265151515149,0.5647345047327569,0.5788669405242756,0.6054484988188247,0.5647345047327569,0.43141229909457457,0.34133790737564323,0.8090272364179328
T2 engaged,C  1-2 / 3-4 / 5,IMPUTE,none,8448,14%/54%/32%,LightGBM,prior-corr,0.6151751893939394,0.5448626893939394,0.0703125,0.6264487119882814,0.5872147231705781,0.5791409513904352,0.6264487119882814,0.43898231677286415,0.587442971974799,0.8090272364179328
T2 engaged,C  1-2 / 3-4 / 5,IMPUTE,balanced,8448,14%/54%/32%,LogReg,argmax,0.5088778409090909,0.5448626893939394,-0.03598484848484851,0.5695713308529328,0.4984965724146157,0.5125361914439526,0.5695713308529328,0.3562369111656668,0.38257658049098414,0.7386429416494006
T2 engaged,C  1-2 / 3-4 / 5,IMPUTE,balanced,8448,14%/54%/32%,LogReg,prior-corr,0.4911221590909091,0.5448626893939394,-0.05374053030303033,0.5731030388669357,0.48501656230748474,0.510753125268352,0.5731030388669357,0.34799170301143567,0.3465131436019987,0.7386429416494006
T2 engaged,C  1-2 / 3-4 / 5,IMPUTE,balanced,8448,14%/54%/32%,RandForest,argmax,0.6377840909090909,0.5448626893939394,0.09292140151515149,0.584992119570631,0.5856114456519864,0.5862920815544673,0.584992119570631,0.42517533681548625,0.4502572898799314,0.7992202194945704
T2 engaged,C  1-2 / 3-4 / 5,IMPUTE,balanced,8448,14%/54%/32%,RandForest,prior-corr,0.5320785984848485,0.5448626893939394,-0.01278409090909094,0.6224634360663102,0.5263779191963787,0.5549822538799271,0.6224634360663102,0.4022080657046615,0.3997393004562242,0.7992202194945704
T2 engaged,C  1-2 / 3-4 / 5,IMPUTE,balanced,8448,14%/54%/32%,ExtraTrees,argmax,0.6002604166666666,0.5448626893939394,0.05539772727272718,0.6167955729385945,0.576570348665352,0.5669117299931068,0.6167955729385945,0.44172134700075494,0.567673256571801,0.7934291795373184
T2 engaged,C  1-2 / 3-4 / 5,IMPUTE,balanced,8448,14%/54%/32%,ExtraTrees,prior-corr,0.5262784090909091,0.5448626893939394,-0.018584280303030387,0.6260966955065008,0.5223751439770431,0.5548567213461771,0.6260966955065008,0.4200815725155107,0.37258309797957856,0.7934291795373184
T2 engaged,C  1-2 / 3-4 / 5,IMPUTE,balanced,8448,14%/54%/32%,LightGBM,argmax,0.6454782196969697,0.5448626893939394,0.10061553030303028,0.600244234238029,0.5941215788583868,0.5902128525473835,0.600244234238029,0.4424243454751814,0.4811320754716981,0.8061729567917156
T2 engaged,C  1-2 / 3-4 / 5,IMPUTE,balanced,8448,14%/54%/32%,LightGBM,prior-corr,0.5977746212121212,0.5448626893939394,0.05291193181818177,0.6281407917295488,0.5754394894303654,0.5741241069559596,0.6281407917295488,0.4331193805295416,0.5376928090375842,0.8061729567917156
