bucket,features,model,accuracy,baseline,lift,balanced_acc,f1_macro,min_class_recall,qwk,auc,hits90,real
A 1-2/3/4-5,BASE+LOO5,LightGBM,0.7478516774573278,0.7565038257798705,-0.008652148322542685,0.5871934687348329,0.5738159890872847,0.42251908396946564,0.49544776682039127,0.8368665656410922,-,SUSPECT
A 1-2/3/4-5,BASE+LOO5,LGBM-tuned,0.7617422012948794,0.7565038257798705,0.005238375515008831,0.5687429133573346,0.5718223049158978,0.36717557251908395,0.4852271521375868,0.837239838650575,-,SUSPECT
A 1-2/3/4-5,BASE+LOO5,CatBoost,0.7188934667451442,0.7565038257798705,-0.037610359034726315,0.637779990608088,0.5821274384257196,0.5465648854961832,0.49996217838586043,0.8539207447789822,-,SUSPECT
A 1-2/3/4-5,BASE+LOO5,Ordinal-LGBM,0.7519717480871101,0.7565038257798705,-0.004532077692760428,0.5906749466200547,0.5718558759333583,0.38206106870229006,0.4909797126453901,0.8306225529480084,-,SUSPECT
A 1-2/3/4-5,BASE+LOO5,Ensemble,0.7550912301353737,0.7565038257798705,-0.0014125956444968057,0.5981750764307783,0.5829904803131997,0.41755725190839693,0.5015587191219522,0.8469852140975017,-,SUSPECT
A 1-2/3/4-5,BASE+LOO_RICH,LightGBM,0.8130665097115951,0.7565038257798705,0.05656268393172459,0.7151869543912936,0.6955921267428634,0.6190839694656488,0.6227753056167348,0.9235603214832392,-,real
A 1-2/3/4-5,BASE+LOO_RICH,LGBM-tuned,0.8187757504414361,0.7565038257798705,0.062271924661565614,0.70611084774904,0.6973614371582223,0.5885496183206107,0.6321533352939857,0.9243097627597147,-,real
A 1-2/3/4-5,BASE+LOO_RICH,CatBoost,0.7921130076515598,0.7565038257798705,0.035609181871689266,0.764486596022867,0.6920262301279307,0.7374045801526717,0.6170103964722746,0.9263542225052525,-,real
A 1-2/3/4-5,BASE+LOO_RICH,Ordinal-LGBM,0.8190700412007063,0.7565038257798705,0.06256621542083574,0.7373428366534709,0.708995873925928,0.6641221374045801,0.6522019166685399,0.9227567219898217,-,real
A 1-2/3/4-5,BASE+LOO_RICH,Ensemble,0.8165391406709829,0.7565038257798705,0.06003531489111236,0.7294674465560497,0.7036880711154718,0.6408396946564886,0.6381912652943187,0.9299196287574679,-,real
B 1-3/4/5,BASE+LOO5,LightGBM,0.6376692171865803,0.5012948793407886,0.13637433784579167,0.6109883844608158,0.6049493024646928,0.4720940959409594,0.5842925753590886,0.8195415981474583,-,real
B 1-3/4/5,BASE+LOO5,LGBM-tuned,0.6384932313125368,0.5012948793407886,0.13719835197174812,0.6083151765068796,0.6023978122946264,0.4455719557195572,0.5766516024808925,0.8180390613545866,-,real
B 1-3/4/5,BASE+LOO5,CatBoost,0.6533843437316068,0.5012948793407886,0.15208946439081816,0.6336939290604273,0.6253326086454853,0.5166051660516605,0.6106518287308982,0.8389569516998816,-,real
B 1-3/4/5,BASE+LOO5,Ordinal-LGBM,0.646203649205415,0.5012948793407886,0.1449087698646263,0.6044122519690585,0.5841286149813324,0.27998154981549817,0.5768374595649971,0.8118276550715819,-,real
B 1-3/4/5,BASE+LOO5,Ensemble,0.6451442024720424,0.5012948793407886,0.14384932313125376,0.6149121039524615,0.605377507253183,0.4107472324723247,0.5887355400588781,0.8277839417567696,-,real
B 1-3/4/5,BASE+LOO_RICH,LightGBM,0.7765744555620954,0.5012948793407886,0.2752795762213067,0.7671064737951981,0.7560771037751989,0.7186346863468634,0.6936001768981688,0.9271494388475213,-,real
B 1-3/4/5,BASE+LOO_RICH,LGBM-tuned,0.7799882283696292,0.5012948793407886,0.2786933490288406,0.768239933902603,0.7589952242351572,0.7223247232472325,0.6891648535085722,0.9276823795560848,-,real
B 1-3/4/5,BASE+LOO_RICH,CatBoost,0.7712772218952325,0.5012948793407886,0.26998234255444387,0.7672422536740165,0.752500504824484,0.7075645756457565,0.6980710403914194,0.9254350319094357,-,real
B 1-3/4/5,BASE+LOO_RICH,Ordinal-LGBM,0.7693937610359035,0.5012948793407886,0.26809888169511487,0.7578375140541068,0.7461061051360529,0.6422970479704797,0.6949516938714411,0.9192280314078379,-,real
B 1-3/4/5,BASE+LOO_RICH,Ensemble,0.7813419658622719,0.5012948793407886,0.28004708652148325,0.7721152529280667,0.7608899588345972,0.7073339483394834,0.6989497596392829,0.9309057206847976,-,real
C 1-2/3-4/5,BASE+LOO5,LightGBM,0.6983519717480872,0.5012948793407886,0.19705709240729852,0.6350405095098467,0.6325470394106439,0.46407382992748847,0.5588403240328943,0.8473164517916708,-,real
C 1-2/3-4/5,BASE+LOO5,LGBM-tuned,0.6967039434961743,0.5012948793407886,0.19540906415538561,0.6282221799038222,0.6309304945414996,0.44232036914963746,0.5534913636248946,0.8462210016451356,-,real
C 1-2/3-4/5,BASE+LOO5,CatBoost,0.703708063566804,0.5012948793407886,0.2024131842260154,0.678186206903506,0.6468375907705762,0.6176664469347396,0.5860289710118874,0.8631835909009261,-,real
C 1-2/3-4/5,BASE+LOO5,Ordinal-LGBM,0.6899352560329606,0.5012948793407886,0.18864037669217193,0.6426217079507404,0.6259979072414383,0.5266974291364536,0.5550320370644288,0.8440584239407641,-,real
C 1-2/3-4/5,BASE+LOO5,Ensemble,0.7027663331371395,0.5012948793407886,0.2014714537963509,0.6475182230419215,0.6398012315082121,0.5009887936717206,0.5663677476797488,0.8555172176759798,-,real
C 1-2/3-4/5,BASE+LOO_RICH,LightGBM,0.8151854031783402,0.5012948793407886,0.31389052383755156,0.7789851828946173,0.7671301662293071,0.6750164798945286,0.6956756891499196,0.9428418127974222,-,real
C 1-2/3-4/5,BASE+LOO_RICH,LGBM-tuned,0.8199529134785167,0.5012948793407886,0.3186580341377281,0.7802077502658941,0.7728875945090331,0.6671061305207646,0.7010617643489867,0.945078148311289,-,real
C 1-2/3-4/5,BASE+LOO_RICH,CatBoost,0.8046497939964685,0.5012948793407886,0.3033549146556799,0.7951714080980016,0.7615677058408262,0.7659854976928148,0.6878728420567308,0.939518164190428,-,real
C 1-2/3-4/5,BASE+LOO_RICH,Ordinal-LGBM,0.8114184814596822,0.5012948793407886,0.31012360211889356,0.7779086712006,0.7661559966584169,0.6816084377059987,0.7050000032515271,0.9382676822450514,-,real
C 1-2/3-4/5,BASE+LOO_RICH,Ensemble,0.8181871689228958,0.5012948793407886,0.31689228958210713,0.7847687381752895,0.7708332483543332,0.6882003955174687,0.7033274991902938,0.9467499171801563,-,real
