block,model,accuracy,baseline,lift,balanced_acc,f1_macro,min_recall,qwk,auc,hits90
BEST (stage-4),LGBM-tuned,0.8199529134785167,0.5012948793407886,0.3186580341377281,0.7802077502658941,0.7728875945090331,0.6671061305207646,0.7010617643489867,0.945078148311289,-
BEST (stage-4),MLP,0.7772218952324897,0.5012948793407886,0.2759270158917011,0.718023817050633,0.723496688456937,0.5662491760052736,0.6536026647171069,0.9177092294283916,-
BEST (stage-4),CatEmbNet,0.82218952324897,0.5012948793407886,0.32089464390818134,0.8216540291153237,0.782373821120418,0.7639447958596894,0.7307926973260157,0.9489952543852823,-
BEST (stage-4),LogReg,0.698116539140671,0.5012948793407886,0.1968216597998823,0.7273109457305583,0.6592679307763808,0.6292409430707303,0.5753106593713713,0.8728036561680499,-
BEST (stage-4),ALL+PCA-LGBM,0.709240729841083,0.5012948793407886,0.20794585050029435,0.6379894842876538,0.6390612271503912,0.44693473961766644,0.572351056807088,0.8628205149770235,-
+CAT,LGBM-tuned,0.8177163037080636,0.5012948793407886,0.31642142436727494,0.7782275968610189,0.771119199301737,0.6657877389584707,0.6968094847230899,0.9448429407594551,-
+CAT,MLP,0.7718069452619187,0.5012948793407886,0.2705120659211301,0.7216156697423718,0.7240928155061374,0.5919578114700066,0.6419550344335676,0.9157982403392305,-
+CAT,CatEmbNet,0.8134785167745733,0.5012948793407886,0.31218363743378463,0.8091505934899249,0.77205085166921,0.7546003450258769,0.7171781222838249,0.9429270072363146,-
+CAT,LogReg,0.7027663331371395,0.5012948793407886,0.2014714537963509,0.7274858482253972,0.6621363906539637,0.6347038527889591,0.584699219518042,0.8756444767655681,-
+CAT,ALL+PCA-LGBM,0.7170100058858152,0.5012948793407886,0.21571512654502656,0.6462674591854433,0.6492056171338687,0.45550428477257743,0.5834878358990097,0.8678230837255215,-
+SYN(pca),LGBM-tuned,0.8220718069452619,0.5012948793407886,0.3207769276044733,0.7814097540148506,0.7742594903685607,0.6664469347396177,0.7063561962260204,0.9456624871383507,-
+SYN(pca),MLP,0.7772807533843438,0.5012948793407886,0.2759858740435551,0.7223851633494602,0.7268313664877212,0.5781147000659196,0.6548176245872002,0.9157169814016998,-
+SYN(pca),CatEmbNet,0.8135373749264273,0.5012948793407886,0.31224249558563866,0.8067262094140113,0.7739294169456529,0.7852213916043703,0.7138124319116146,0.944044710601495,-
+SYN(pca),LogReg,0.7048263684520306,0.5012948793407886,0.20353148911124197,0.7315283517506502,0.6662285504488289,0.6400230017251294,0.586767529878006,0.8762600726057678,-
+SYN(pca),ALL+PCA-LGBM,0.7161859917598588,0.5012948793407886,0.2148911124190701,0.6471576931258167,0.6482591490732573,0.4634146341463415,0.587765201894829,0.8682612021087732,-
+ENG,LGBM-tuned,0.8187168922895821,0.5012948793407886,0.31742201294879346,0.7797382708073705,0.7726255513829341,0.6684245220830587,0.7038432171725345,0.9432373962846462,-
+ENG,MLP,0.7728663919952914,0.5012948793407886,0.27157151265450274,0.7095380014689295,0.7193882478913878,0.5458141067897165,0.6441161285241566,0.9133395140961046,-
+ENG,CatEmbNet,0.8145968216597999,0.5012948793407886,0.3133019423190112,0.8052717628016038,0.7713102733771345,0.7646635997699828,0.7194755430289669,0.9428397057443227,-
+ENG,LogReg,0.6970570924072984,0.5012948793407886,0.19576221306650976,0.7236340691134299,0.6572667112615748,0.6249281196089707,0.5753413571732306,0.8731272495634167,-
+ENG,ALL+PCA-LGBM,0.7083578575632725,0.5012948793407886,0.20706297822248387,0.637988120908845,0.6392766985613944,0.44891232696110744,0.5693468478469846,0.8581334803069357,-
ALL,LGBM-tuned,0.8216009417304296,0.5012948793407886,0.320306062389641,0.7785683315048741,0.7737465920804474,0.6572181938035596,0.707166164808082,0.9445809873892305,-
ALL,MLP,0.75927015891701,0.5012948793407886,0.25797527957622135,0.7036046820108539,0.7103521825683999,0.5596572181938035,0.629956487649304,0.9018635781235904,-
ALL,CatEmbNet,0.7981753972925251,0.5012948793407886,0.2968805179517364,0.7972380919378343,0.7576652897551991,0.761644623346751,0.7004250265894387,0.9355236594505215,-
ALL,LogReg,0.709358446144791,0.5012948793407886,0.2080635668040024,0.7342334404966367,0.6701097282958334,0.6408855664174813,0.5939781034086246,0.8775684530788611,-
ALL,ALL+PCA-LGBM,0.7190111830488523,0.5012948793407886,0.2177163037080636,0.6474488227378095,0.6510717257731232,0.45550428477257743,0.589519146588065,0.8657900395204051,-
